{
"links": [


{"source":"AHMAD ZAKI","target":"KEMENTERIAN KERJA RAYA 11.42%","value":"309374000"},
{"source":"AHMAD ZAKI","target":"KEMENTERIAN KERJA RAYA 11.42%","value":"309374000"},
{"source":"AHMAD ZAKI","target":"KEMENTERIAN WILAYAH PERSEKUTUAN 1.37%","value":"40520193"},
{"source":"AHMAD ZAKI","target":"JABATAN PERDANA MENTERI 13.94%","value":"29842447"},
{"source":"BRILLIANCE INFORMATION","target":"KEMENTERIAN KESIHATAN 22.29%","value":"10993365"},
{"source":"BRILLIANCE INFORMATION","target":"KEMENTERIAN KESIHATAN 22.29%","value":"10993365"},
{"source":"BRILLIANCE INFORMATION","target":"KEMENTERIAN KEWANGAN 5.07%","value":"3623281"},
{"source":"BRILLIANCE INFORMATION","target":"KEMENTERIAN KEWANGAN 5.07%","value":"3102813"},
{"source":"BRILLIANCE INFORMATION","target":"KEMENTERIAN DALAM NEGERI 6.29%","value":"768600"},
{"source":"BRILLIANCE INFORMATION","target":"KEMENTERIAN KEWANGAN 5.07%","value":"317777888"},
{"source":"BRILLIANCE INFORMATION","target":"JABATAN PERDANA MENTERI 13.94%","value":"5745122"},
{"source":"BRILLIANCE INFORMATION","target":"KEMENTERIAN KESIHATAN 22.29%","value":"1992800"},
{"source":"BRILLIANCE INFORMATION","target":"KEMENTERIAN KESIHATAN 22.29%","value":"2315200"},
{"source":"DATASONIC TECHNOLOGIES","target":"KEMENTERIAN DALAM NEGERI 6.29%","value":"73120000"},
{"source":"DATASONIC TECHNOLOGIES","target":"KEMENTERIAN DALAM NEGERI 6.29%","value":"284700000"},
{"source":"DATASONIC TECHNOLOGIES","target":"KEMENTERIAN DALAM NEGERI 6.29%","value":"14953878"},
{"source":"DATASONIC TECHNOLOGIES","target":"KEMENTERIAN PEMBANGUNAN WANITA, KELUARGA DAN MASYARAKAT 0.04%","value":"2133000"},
{"source":"DATASONIC TECHNOLOGIES","target":"KEMENTERIAN DALAM NEGERI 6.29%","value":"1980580"},
{"source":"DATASONIC TECHNOLOGIES","target":"JABATAN PERDANA MENTERI 13.94%","value":"1500000"},
{"source":"INAI KIARA - HWA CHI JV","target":"JABATAN PERDANA MENTERI 13.94%","value":"808330222"},
{"source":"PERTAMA PADI","target":"KEMENTERIAN PERTANIAN DAN INDUSTRI ASAS TANI 4.38%","value":"388650000"},
{"source":"PHARMANIAGA LOGISTICS","target":"KEMENTERIAN KESIHATAN 22.29%","value":"55133103"},
{"source":"PHARMANIAGA LOGISTICS","target":"KEMENTERIAN KESIHATAN 22.29%","value":"38409999"},
{"source":"PHARMANIAGA LOGISTICS","target":"KEMENTERIAN KESIHATAN 22.29%","value":"20047568"},
{"source":"PHARMANIAGA LOGISTICS","target":"KEMENTERIAN KESIHATAN 22.29%","value":"16865856"},
{"source":"PHARMANIAGA LOGISTICS","target":"KEMENTERIAN KESIHATAN 22.29%","value":"15612084"},
{"source":"PHARMANIAGA LOGISTICS","target":"KEMENTERIAN KESIHATAN 22.29%","value":"15612084"},
{"source":"PHARMANIAGA LOGISTICS","target":"KEMENTERIAN KESIHATAN 22.29%","value":"13710933"},
{"source":"PHARMANIAGA LOGISTICS","target":"KEMENTERIAN KESIHATAN 22.29%","value":"11367789"},
{"source":"PHARMANIAGA LOGISTICS","target":"KEMENTERIAN KESIHATAN 22.29%","value":"9836550"},
{"source":"PHARMANIAGA LOGISTICS","target":"KEMENTERIAN KESIHATAN 22.29%","value":"9576674"},
{"source":"PHARMANIAGA LOGISTICS","target":"KEMENTERIAN KESIHATAN 22.29%","value":"9473076"},
{"source":"PHARMANIAGA LOGISTICS","target":"KEMENTERIAN KESIHATAN 22.29%","value":"8636610"},
{"source":"PHARMANIAGA LOGISTICS","target":"KEMENTERIAN KESIHATAN 22.29%","value":"7023301"},
{"source":"PHARMANIAGA LOGISTICS","target":"KEMENTERIAN KESIHATAN 22.29%","value":"6889770"},
{"source":"PHARMANIAGA LOGISTICS","target":"KEMENTERIAN KESIHATAN 22.29%","value":"6340696"},
{"source":"PHARMANIAGA LOGISTICS","target":"KEMENTERIAN KESIHATAN 22.29%","value":"5864707"},
{"source":"PHARMANIAGA LOGISTICS","target":"KEMENTERIAN KESIHATAN 22.29%","value":"5627328"},
{"source":"PHARMANIAGA LOGISTICS","target":"KEMENTERIAN KESIHATAN 22.29%","value":"4799460"},
{"source":"PHARMANIAGA LOGISTICS","target":"KEMENTERIAN KESIHATAN 22.29%","value":"4645933"},
{"source":"PHARMANIAGA LOGISTICS","target":"KEMENTERIAN KESIHATAN 22.29%","value":"4511055"},
{"source":"PHARMANIAGA LOGISTICS","target":"KEMENTERIAN KESIHATAN 22.29%","value":"4511055"},
{"source":"PHARMANIAGA LOGISTICS","target":"KEMENTERIAN KESIHATAN 22.29%","value":"4502880"},
{"source":"PHARMANIAGA LOGISTICS","target":"KEMENTERIAN KESIHATAN 22.29%","value":"4387931"},
{"source":"PHARMANIAGA LOGISTICS","target":"KEMENTERIAN KESIHATAN 22.29%","value":"4130528"},
{"source":"PHARMANIAGA LOGISTICS","target":"KEMENTERIAN KESIHATAN 22.29%","value":"4125628"},
{"source":"PHARMANIAGA LOGISTICS","target":"KEMENTERIAN KESIHATAN 22.29%","value":"3640837"},
{"source":"PHARMANIAGA LOGISTICS","target":"KEMENTERIAN KESIHATAN 22.29%","value":"3458837"},
{"source":"PHARMANIAGA LOGISTICS","target":"KEMENTERIAN KESIHATAN 22.29%","value":"3457108"},
{"source":"PHARMANIAGA LOGISTICS","target":"KEMENTERIAN KESIHATAN 22.29%","value":"2870910"},
{"source":"PHARMANIAGA LOGISTICS","target":"KEMENTERIAN KESIHATAN 22.29%","value":"2598231"},
{"source":"PHARMANIAGA LOGISTICS","target":"KEMENTERIAN KESIHATAN 22.29%","value":"2575880"},
{"source":"PHARMANIAGA LOGISTICS","target":"KEMENTERIAN KESIHATAN 22.29%","value":"2488382"},
{"source":"PHARMANIAGA LOGISTICS","target":"KEMENTERIAN KESIHATAN 22.29%","value":"2251928"},
{"source":"PHARMANIAGA LOGISTICS","target":"KEMENTERIAN KESIHATAN 22.29%","value":"1961993"},
{"source":"PHARMANIAGA LOGISTICS","target":"KEMENTERIAN KESIHATAN 22.29%","value":"1874700"},
{"source":"PHARMANIAGA LOGISTICS","target":"KEMENTERIAN KESIHATAN 22.29%","value":"1752400"},
{"source":"PHARMANIAGA LOGISTICS","target":"KEMENTERIAN KESIHATAN 22.29%","value":"1354778"},
{"source":"PHARMANIAGA LOGISTICS","target":"KEMENTERIAN KESIHATAN 22.29%","value":"892248"},
{"source":"PHARMANIAGA LOGISTICS","target":"KEMENTERIAN PENGAJIAN TINGGI 0.77%","value":"760000"},
{"source":"PHARMANIAGA LOGISTICS","target":"KEMENTERIAN KESIHATAN 22.29%","value":"543714"},
{"source":"PHARMANIAGA LOGISTICS","target":"KEMENTERIAN PENGAJIAN TINGGI 0.77%","value":"456800"},
{"source":"PHARMANIAGA LOGISTICS","target":"KEMENTERIAN KESIHATAN 22.29%","value":"128560"},
{"source":"PHARMANIAGA LOGISTICS","target":"KEMENTERIAN PENGAJIAN TINGGI 0.77%","value":"65835"},
{"source":"PHARMANIAGA LOGISTICS","target":"KEMENTERIAN PENGAJIAN TINGGI 0.77%","value":"58968"},
{"source":"PHARMANIAGA LOGISTICS","target":"KEMENTERIAN PENGAJIAN TINGGI 0.77%","value":"51160"},
{"source":"PHARMANIAGA LOGISTICS","target":"KEMENTERIAN PENGAJIAN TINGGI 0.77%","value":"41000"},
{"source":"PHARMANIAGA LOGISTICS","target":"KEMENTERIAN PENGAJIAN TINGGI 0.77%","value":"32000"},
{"source":"PHARMANIAGA LOGISTICS","target":"KEMENTERIAN KESIHATAN 22.29%","value":"17800"},
{"source":"PHARMANIAGA LOGISTICS","target":"KEMENTERIAN PENGAJIAN TINGGI 0.77%","value":"16000"},
{"source":"PHARMANIAGA LOGISTICS","target":"KEMENTERIAN PENGAJIAN TINGGI 0.77%","value":"10250"},
{"source":"PHARMANIAGA LOGISTICS","target":"KEMENTERIAN PENGAJIAN TINGGI 0.77%","value":"6000"},
{"source":"PRIMABUMI","target":"KEMENTERIAN KESIHATAN 22.29%","value":"52917125"},
{"source":"PRIMABUMI","target":"KEMENTERIAN KESIHATAN 22.29%","value":"44026136"},
{"source":"PRIMABUMI","target":"KEMENTERIAN KESIHATAN 22.29%","value":"33718651"},
{"source":"PRIMABUMI","target":"KEMENTERIAN KESIHATAN 22.29%","value":"32128673"},
{"source":"PRIMABUMI","target":"KEMENTERIAN KESIHATAN 22.29%","value":"30000000"},
{"source":"PRIMABUMI","target":"KEMENTERIAN KESIHATAN 22.29%","value":"29355970"},
{"source":"PRIMABUMI","target":"KEMENTERIAN KESIHATAN 22.29%","value":"21755908"},
{"source":"PRIMABUMI","target":"KEMENTERIAN KESIHATAN 22.29%","value":"20692347"},
{"source":"PRIMABUMI","target":"KEMENTERIAN KESIHATAN 22.29%","value":"20500000"},
{"source":"PRIMABUMI","target":"KEMENTERIAN KESIHATAN 22.29%","value":"17049376"},
{"source":"PRIMABUMI","target":"KEMENTERIAN KESIHATAN 22.29%","value":"16930529"},
{"source":"PRIMABUMI","target":"KEMENTERIAN KESIHATAN 22.29%","value":"16269310"},
{"source":"PRIMABUMI","target":"KEMENTERIAN KESIHATAN 22.29%","value":"16139375"},
{"source":"PRIMABUMI","target":"KEMENTERIAN KESIHATAN 22.29%","value":"15659657"},
{"source":"PRIMABUMI","target":"KEMENTERIAN KESIHATAN 22.29%","value":"15613747"},
{"source":"PRIMABUMI","target":"KEMENTERIAN KESIHATAN 22.29%","value":"15491250"},
{"source":"PRIMABUMI","target":"KEMENTERIAN KESIHATAN 22.29%","value":"14293071"},
{"source":"PRIMABUMI","target":"KEMENTERIAN KESIHATAN 22.29%","value":"14261784"},
{"source":"PRIMABUMI","target":"KEMENTERIAN KESIHATAN 22.29%","value":"12610401"},
{"source":"PRIMABUMI","target":"KEMENTERIAN KESIHATAN 22.29%","value":"11788117"},
{"source":"PRIMABUMI","target":"KEMENTERIAN KESIHATAN 22.29%","value":"11788117"},
{"source":"PRIMABUMI","target":"KEMENTERIAN KESIHATAN 22.29%","value":"11387782"},
{"source":"PRIMABUMI","target":"KEMENTERIAN KESIHATAN 22.29%","value":"11213131"},
{"source":"PRIMABUMI","target":"KEMENTERIAN KESIHATAN 22.29%","value":"10607642"},
{"source":"PRIMABUMI","target":"KEMENTERIAN KESIHATAN 22.29%","value":"10120000"},
{"source":"PRIMABUMI","target":"KEMENTERIAN KESIHATAN 22.29%","value":"10112600"},
{"source":"PRIMABUMI","target":"KEMENTERIAN KESIHATAN 22.29%","value":"9999747"},
{"source":"PRIMABUMI","target":"KEMENTERIAN KESIHATAN 22.29%","value":"9998664"},
{"source":"PRIMABUMI","target":"KEMENTERIAN KESIHATAN 22.29%","value":"9057400"},
{"source":"PRIMABUMI","target":"KEMENTERIAN KESIHATAN 22.29%","value":"8930840"},
{"source":"PRIMABUMI","target":"KEMENTERIAN KESIHATAN 22.29%","value":"8695065"},
{"source":"PRIMABUMI","target":"KEMENTERIAN KESIHATAN 22.29%","value":"7965925"},
{"source":"PRIMABUMI","target":"KEMENTERIAN KESIHATAN 22.29%","value":"7845562"},
{"source":"PRIMABUMI","target":"KEMENTERIAN KESIHATAN 22.29%","value":"7645933"},
{"source":"PRIMABUMI","target":"KEMENTERIAN KESIHATAN 22.29%","value":"7537224"},
{"source":"PRIMABUMI","target":"KEMENTERIAN KESIHATAN 22.29%","value":"7315409"},
{"source":"PRIMABUMI","target":"KEMENTERIAN KESIHATAN 22.29%","value":"7154511"},
{"source":"PRIMABUMI","target":"KEMENTERIAN KESIHATAN 22.29%","value":"7064912"},
{"source":"PRIMABUMI","target":"KEMENTERIAN KESIHATAN 22.29%","value":"7064912"},
{"source":"PRIMABUMI","target":"KEMENTERIAN KESIHATAN 22.29%","value":"6749993"},
{"source":"PRIMABUMI","target":"KEMENTERIAN KESIHATAN 22.29%","value":"6726695"},
{"source":"PRIMABUMI","target":"KEMENTERIAN KESIHATAN 22.29%","value":"6324916"},
{"source":"PRIMABUMI","target":"KEMENTERIAN KESIHATAN 22.29%","value":"6087334"},
{"source":"PRIMABUMI","target":"KEMENTERIAN KESIHATAN 22.29%","value":"6060038"},
{"source":"PRIMABUMI","target":"KEMENTERIAN KESIHATAN 22.29%","value":"6018200"},
{"source":"PRIMABUMI","target":"KEMENTERIAN KESIHATAN 22.29%","value":"5866855"},
{"source":"PRIMABUMI","target":"KEMENTERIAN KESIHATAN 22.29%","value":"5830602"},
{"source":"PRIMABUMI","target":"KEMENTERIAN KESIHATAN 22.29%","value":"5755365"},
{"source":"PRIMABUMI","target":"KEMENTERIAN KESIHATAN 22.29%","value":"5678506"},
{"source":"PRIMABUMI","target":"KEMENTERIAN KESIHATAN 22.29%","value":"5441145"},
{"source":"PRIMABUMI","target":"KEMENTERIAN KESIHATAN 22.29%","value":"5362033"},
{"source":"PRIMABUMI","target":"KEMENTERIAN KESIHATAN 22.29%","value":"5259293"},
{"source":"PRIMABUMI","target":"KEMENTERIAN KESIHATAN 22.29%","value":"5013386"},
{"source":"PRIMABUMI","target":"KEMENTERIAN KESIHATAN 22.29%","value":"4950137"},
{"source":"PRIMABUMI","target":"KEMENTERIAN KESIHATAN 22.29%","value":"4850700"},
{"source":"PRIMABUMI","target":"KEMENTERIAN KESIHATAN 22.29%","value":"4776252"},
{"source":"PRIMABUMI","target":"KEMENTERIAN KESIHATAN 22.29%","value":"4607694"},
{"source":"PRIMABUMI","target":"KEMENTERIAN KESIHATAN 22.29%","value":"4602058"},
{"source":"PRIMABUMI","target":"KEMENTERIAN KESIHATAN 22.29%","value":"4466726"},
{"source":"PRIMABUMI","target":"KEMENTERIAN KESIHATAN 22.29%","value":"4380600"},
{"source":"PRIMABUMI","target":"KEMENTERIAN KESIHATAN 22.29%","value":"4336859"},
{"source":"PRIMABUMI","target":"KEMENTERIAN KESIHATAN 22.29%","value":"3998430"},
{"source":"PRIMABUMI","target":"KEMENTERIAN KESIHATAN 22.29%","value":"3996633"},
{"source":"PRIMABUMI","target":"KEMENTERIAN KESIHATAN 22.29%","value":"3779432"},
{"source":"PRIMABUMI","target":"KEMENTERIAN KESIHATAN 22.29%","value":"3736503"},
{"source":"PRIMABUMI","target":"KEMENTERIAN KESIHATAN 22.29%","value":"3626041"},
{"source":"PRIMABUMI","target":"KEMENTERIAN KESIHATAN 22.29%","value":"3574450"},
{"source":"PRIMABUMI","target":"KEMENTERIAN KESIHATAN 22.29%","value":"3526304"},
{"source":"PRIMABUMI","target":"KEMENTERIAN KESIHATAN 22.29%","value":"3483089"},
{"source":"PRIMABUMI","target":"KEMENTERIAN KESIHATAN 22.29%","value":"3379698"},
{"source":"PRIMABUMI","target":"KEMENTERIAN KESIHATAN 22.29%","value":"3379698"},
{"source":"PRIMABUMI","target":"KEMENTERIAN KESIHATAN 22.29%","value":"3268500"},
{"source":"PRIMABUMI","target":"KEMENTERIAN KESIHATAN 22.29%","value":"3195365"},
{"source":"PRIMABUMI","target":"KEMENTERIAN KESIHATAN 22.29%","value":"3112034"},
{"source":"PRIMABUMI","target":"KEMENTERIAN KESIHATAN 22.29%","value":"3101124"},
{"source":"PRIMABUMI","target":"KEMENTERIAN KESIHATAN 22.29%","value":"3098315"},
{"source":"PRIMABUMI","target":"KEMENTERIAN KESIHATAN 22.29%","value":"2747070"},
{"source":"PRIMABUMI","target":"KEMENTERIAN KESIHATAN 22.29%","value":"2664453"},
{"source":"PRIMABUMI","target":"KEMENTERIAN KESIHATAN 22.29%","value":"2656033"},
{"source":"PRIMABUMI","target":"KEMENTERIAN KESIHATAN 22.29%","value":"2614950"},
{"source":"PRIMABUMI","target":"KEMENTERIAN KESIHATAN 22.29%","value":"2607680"},
{"source":"PRIMABUMI","target":"KEMENTERIAN KESIHATAN 22.29%","value":"2576951"},
{"source":"PRIMABUMI","target":"KEMENTERIAN KESIHATAN 22.29%","value":"2510372"},
{"source":"PRIMABUMI","target":"KEMENTERIAN KESIHATAN 22.29%","value":"2445802"},
{"source":"PRIMABUMI","target":"KEMENTERIAN KESIHATAN 22.29%","value":"2397251"},
{"source":"PRIMABUMI","target":"KEMENTERIAN KESIHATAN 22.29%","value":"2351325"},
{"source":"PRIMABUMI","target":"KEMENTERIAN KESIHATAN 22.29%","value":"2344368"},
{"source":"PRIMABUMI","target":"KEMENTERIAN KESIHATAN 22.29%","value":"2332033"},
{"source":"PRIMABUMI","target":"KEMENTERIAN KESIHATAN 22.29%","value":"2153095"},
{"source":"PRIMABUMI","target":"KEMENTERIAN KESIHATAN 22.29%","value":"2036558"},
{"source":"PRIMABUMI","target":"KEMENTERIAN KESIHATAN 22.29%","value":"2027100"},
{"source":"PRIMABUMI","target":"KEMENTERIAN KESIHATAN 22.29%","value":"1885000"},
{"source":"PRIMABUMI","target":"KEMENTERIAN KESIHATAN 22.29%","value":"1768044"},
{"source":"PRIMABUMI","target":"KEMENTERIAN KESIHATAN 22.29%","value":"1715184"},
{"source":"PRIMABUMI","target":"KEMENTERIAN KESIHATAN 22.29%","value":"1650424"},
{"source":"PRIMABUMI","target":"KEMENTERIAN KESIHATAN 22.29%","value":"1636937"},
{"source":"PRIMABUMI","target":"KEMENTERIAN KESIHATAN 22.29%","value":"1618500"},
{"source":"PRIMABUMI","target":"KEMENTERIAN KESIHATAN 22.29%","value":"1599193"},
{"source":"PRIMABUMI","target":"KEMENTERIAN KESIHATAN 22.29%","value":"1558176"},
{"source":"PRIMABUMI","target":"KEMENTERIAN KESIHATAN 22.29%","value":"1545886"},
{"source":"PRIMABUMI","target":"KEMENTERIAN KESIHATAN 22.29%","value":"1419668"},
{"source":"PRIMABUMI","target":"KEMENTERIAN PENGAJIAN TINGGI 0.77%","value":"1412640"},
{"source":"PRIMABUMI","target":"KEMENTERIAN KESIHATAN 22.29%","value":"1380890"},
{"source":"PRIMABUMI","target":"KEMENTERIAN KESIHATAN 22.29%","value":"1374950"},
{"source":"PRIMABUMI","target":"KEMENTERIAN KESIHATAN 22.29%","value":"1374950"},
{"source":"PRIMABUMI","target":"KEMENTERIAN KESIHATAN 22.29%","value":"1319566"},
{"source":"PRIMABUMI","target":"KEMENTERIAN KESIHATAN 22.29%","value":"1233600"},
{"source":"PRIMABUMI","target":"KEMENTERIAN KESIHATAN 22.29%","value":"1189440"},
{"source":"PRIMABUMI","target":"KEMENTERIAN KESIHATAN 22.29%","value":"1094900"},
{"source":"PRIMABUMI","target":"KEMENTERIAN KESIHATAN 22.29%","value":"1084020"},
{"source":"PRIMABUMI","target":"KEMENTERIAN PENGAJIAN TINGGI 0.77%","value":"1069500"},
{"source":"PRIMABUMI","target":"KEMENTERIAN KESIHATAN 22.29%","value":"1040060"},
{"source":"PRIMABUMI","target":"KEMENTERIAN KESIHATAN 22.29%","value":"879208"},
{"source":"PRIMABUMI","target":"KEMENTERIAN KESIHATAN 22.29%","value":"831366"},
{"source":"PRIMABUMI","target":"KEMENTERIAN KESIHATAN 22.29%","value":"830984"},
{"source":"PRIMABUMI","target":"KEMENTERIAN PENGAJIAN TINGGI 0.77%","value":"756960"},
{"source":"PRIMABUMI","target":"KEMENTERIAN PENGAJIAN TINGGI 0.77%","value":"673700"},
{"source":"PRIMABUMI","target":"KEMENTERIAN KESIHATAN 22.29%","value":"526600"},
{"source":"PRIMABUMI","target":"KEMENTERIAN KESIHATAN 22.29%","value":"525600"},
{"source":"PRIMABUMI","target":"KEMENTERIAN PENGAJIAN TINGGI 0.77%","value":"464100"},
{"source":"PRIMABUMI","target":"KEMENTERIAN PENGAJIAN TINGGI 0.77%","value":"454176"},
{"source":"PRIMABUMI","target":"KEMENTERIAN PENGAJIAN TINGGI 0.77%","value":"439190"},
{"source":"PRIMABUMI","target":"KEMENTERIAN PENGAJIAN TINGGI 0.77%","value":"403712"},
{"source":"PRIMABUMI","target":"KEMENTERIAN PENGAJIAN TINGGI 0.77%","value":"372000"},
{"source":"PRIMABUMI","target":"KEMENTERIAN PENGAJIAN TINGGI 0.77%","value":"332505"},
{"source":"PRIMABUMI","target":"KEMENTERIAN PENGAJIAN TINGGI 0.77%","value":"310540"},
{"source":"PRIMABUMI","target":"KEMENTERIAN PENGAJIAN TINGGI 0.77%","value":"256763"},
{"source":"PRIMABUMI","target":"KEMENTERIAN PENGAJIAN TINGGI 0.77%","value":"246000"},
{"source":"PRIMABUMI","target":"KEMENTERIAN PENGAJIAN TINGGI 0.77%","value":"240000"},
{"source":"PRIMABUMI","target":"KEMENTERIAN PENGAJIAN TINGGI 0.77%","value":"233100"},
{"source":"PRIMABUMI","target":"KEMENTERIAN PENGAJIAN TINGGI 0.77%","value":"217304"},
{"source":"PRIMABUMI","target":"KEMENTERIAN PENGAJIAN TINGGI 0.77%","value":"212475"},
{"source":"PRIMABUMI","target":"KEMENTERIAN PENGAJIAN TINGGI 0.77%","value":"202320"},
{"source":"PRIMABUMI","target":"KEMENTERIAN PENGAJIAN TINGGI 0.77%","value":"200000"},
{"source":"PRIMABUMI","target":"KEMENTERIAN PENGAJIAN TINGGI 0.77%","value":"192435"},
{"source":"PRIMABUMI","target":"KEMENTERIAN PENGAJIAN TINGGI 0.77%","value":"178500"},
{"source":"PRIMABUMI","target":"KEMENTERIAN PENGAJIAN TINGGI 0.77%","value":"156414"},
{"source":"PRIMABUMI","target":"KEMENTERIAN PENGAJIAN TINGGI 0.77%","value":"155270"},
{"source":"PRIMABUMI","target":"KEMENTERIAN PENGAJIAN TINGGI 0.77%","value":"128290"},
{"source":"PRIMABUMI","target":"JABATAN PERDANA MENTERI 13.94%","value":"112295"},
{"source":"PRIMABUMI","target":"KEMENTERIAN PENGAJIAN TINGGI 0.77%","value":"105920"},
{"source":"PRIMABUMI","target":"KEMENTERIAN PENGAJIAN TINGGI 0.77%","value":"105920"},
{"source":"PRIMABUMI","target":"KEMENTERIAN PENGAJIAN TINGGI 0.77%","value":"103250"},
{"source":"PRIMABUMI","target":"KEMENTERIAN PENGAJIAN TINGGI 0.77%","value":"101560"},
{"source":"PRIMABUMI","target":"KEMENTERIAN PENGAJIAN TINGGI 0.77%","value":"100000"},
{"source":"PRIMABUMI","target":"KEMENTERIAN PENGAJIAN TINGGI 0.77%","value":"96000"},
{"source":"PRIMABUMI","target":"KEMENTERIAN PENGAJIAN TINGGI 0.77%","value":"94720"},
{"source":"PRIMABUMI","target":"KEMENTERIAN PENGAJIAN TINGGI 0.77%","value":"90600"},
{"source":"PRIMABUMI","target":"KEMENTERIAN PENGAJIAN TINGGI 0.77%","value":"88634"},
{"source":"PRIMABUMI","target":"KEMENTERIAN PENGAJIAN TINGGI 0.77%","value":"80000"},
{"source":"PRIMABUMI","target":"KEMENTERIAN PENGAJIAN TINGGI 0.77%","value":"79607"},
{"source":"PRIMABUMI","target":"KEMENTERIAN KESIHATAN 22.29%","value":"75920"},
{"source":"PRIMABUMI","target":"KEMENTERIAN PENGAJIAN TINGGI 0.77%","value":"75360"},
{"source":"PRIMABUMI","target":"KEMENTERIAN PENGAJIAN TINGGI 0.77%","value":"75150"},
{"source":"PRIMABUMI","target":"KEMENTERIAN PENGAJIAN TINGGI 0.77%","value":"75075"},
{"source":"PRIMABUMI","target":"KEMENTERIAN PENGAJIAN TINGGI 0.77%","value":"72840"},
{"source":"PRIMABUMI","target":"KEMENTERIAN PENGAJIAN TINGGI 0.77%","value":"71950"},
{"source":"PRIMABUMI","target":"KEMENTERIAN PENGAJIAN TINGGI 0.77%","value":"70900"},
{"source":"PRIMABUMI","target":"KEMENTERIAN PENGAJIAN TINGGI 0.77%","value":"69360"},
{"source":"PRIMABUMI","target":"KEMENTERIAN PENGAJIAN TINGGI 0.77%","value":"67440"},
{"source":"PRIMABUMI","target":"KEMENTERIAN PENGAJIAN TINGGI 0.77%","value":"65100"},
{"source":"PRIMABUMI","target":"KEMENTERIAN PENGAJIAN TINGGI 0.77%","value":"63000"},
{"source":"PRIMABUMI","target":"KEMENTERIAN PENGAJIAN TINGGI 0.77%","value":"61575"},
{"source":"PRIMABUMI","target":"KEMENTERIAN PENGAJIAN TINGGI 0.77%","value":"61560"},
{"source":"PRIMABUMI","target":"KEMENTERIAN PENGAJIAN TINGGI 0.77%","value":"60700"},
{"source":"PRIMABUMI","target":"KEMENTERIAN PENGAJIAN TINGGI 0.77%","value":"56700"},
{"source":"PRIMABUMI","target":"KEMENTERIAN PENGAJIAN TINGGI 0.77%","value":"55620"},
{"source":"PRIMABUMI","target":"KEMENTERIAN PENGAJIAN TINGGI 0.77%","value":"54600"},
{"source":"PRIMABUMI","target":"KEMENTERIAN PENGAJIAN TINGGI 0.77%","value":"54435"},
{"source":"PRIMABUMI","target":"KEMENTERIAN PENGAJIAN TINGGI 0.77%","value":"51890"},
{"source":"PRIMABUMI","target":"KEMENTERIAN PENGAJIAN TINGGI 0.77%","value":"51615"},
{"source":"PRIMABUMI","target":"KEMENTERIAN PENGAJIAN TINGGI 0.77%","value":"51150"},
{"source":"PRIMABUMI","target":"KEMENTERIAN PENGAJIAN TINGGI 0.77%","value":"50430"},
{"source":"PRIMABUMI","target":"KEMENTERIAN PENGAJIAN TINGGI 0.77%","value":"45030"},
{"source":"PRIMABUMI","target":"KEMENTERIAN PENGAJIAN TINGGI 0.77%","value":"43033"},
{"source":"PRIMABUMI","target":"KEMENTERIAN PENGAJIAN TINGGI 0.77%","value":"43033"},
{"source":"PRIMABUMI","target":"KEMENTERIAN PENGAJIAN TINGGI 0.77%","value":"40288"},
{"source":"PRIMABUMI","target":"KEMENTERIAN PENGAJIAN TINGGI 0.77%","value":"37080"},
{"source":"PRIMABUMI","target":"KEMENTERIAN PENGAJIAN TINGGI 0.77%","value":"35800"},
{"source":"PRIMABUMI","target":"KEMENTERIAN PENGAJIAN TINGGI 0.77%","value":"34845"},
{"source":"PRIMABUMI","target":"KEMENTERIAN PENGAJIAN TINGGI 0.77%","value":"33000"},
{"source":"PRIMABUMI","target":"KEMENTERIAN PENGAJIAN TINGGI 0.77%","value":"33000"},
{"source":"PRIMABUMI","target":"KEMENTERIAN PENGAJIAN TINGGI 0.77%","value":"32230"},
{"source":"PRIMABUMI","target":"KEMENTERIAN PENGAJIAN TINGGI 0.77%","value":"30562"},
{"source":"PRIMABUMI","target":"KEMENTERIAN PENGAJIAN TINGGI 0.77%","value":"30562"},
{"source":"PRIMABUMI","target":"KEMENTERIAN PENGAJIAN TINGGI 0.77%","value":"28560"},
{"source":"PRIMABUMI","target":"KEMENTERIAN PENGAJIAN TINGGI 0.77%","value":"27810"},
{"source":"PRIMABUMI","target":"KEMENTERIAN PENGAJIAN TINGGI 0.77%","value":"27405"},
{"source":"PRIMABUMI","target":"KEMENTERIAN PENGAJIAN TINGGI 0.77%","value":"26000"},
{"source":"PRIMABUMI","target":"KEMENTERIAN PENGAJIAN TINGGI 0.77%","value":"25455"},
{"source":"PRIMABUMI","target":"KEMENTERIAN PENGAJIAN TINGGI 0.77%","value":"25455"},
{"source":"PRIMABUMI","target":"KEMENTERIAN PENGAJIAN TINGGI 0.77%","value":"25025"},
{"source":"PRIMABUMI","target":"KEMENTERIAN PENGAJIAN TINGGI 0.77%","value":"22400"},
{"source":"PRIMABUMI","target":"KEMENTERIAN PENGAJIAN TINGGI 0.77%","value":"21700"},
{"source":"PRIMABUMI","target":"KEMENTERIAN KESIHATAN 22.29%","value":"18816"},
{"source":"PRIMABUMI","target":"KEMENTERIAN PENGAJIAN TINGGI 0.77%","value":"18145"},
{"source":"PRIMABUMI","target":"KEMENTERIAN PENGAJIAN TINGGI 0.77%","value":"17136"},
{"source":"PRIMABUMI","target":"KEMENTERIAN PENGAJIAN TINGGI 0.77%","value":"11200"},
{"source":"PRIMABUMI","target":"KEMENTERIAN PENGAJIAN TINGGI 0.77%","value":"11200"},
{"source":"PRIMABUMI","target":"KEMENTERIAN PENGAJIAN TINGGI 0.77%","value":"10920"},
{"source":"PRIMABUMI","target":"KEMENTERIAN PENGAJIAN TINGGI 0.77%","value":"9135"},
{"source":"PRIMABUMI","target":"KEMENTERIAN KESIHATAN 22.29%","value":"1957284"},
{"source":"QUALITY REPUTATION","target":"KEMENTERIAN KESIHATAN 22.29%","value":"30249549"},
{"source":"QUALITY REPUTATION","target":"KEMENTERIAN KESIHATAN 22.29%","value":"23284242"},
{"source":"QUALITY REPUTATION","target":"KEMENTERIAN KESIHATAN 22.29%","value":"23284242"},
{"source":"QUALITY REPUTATION","target":"KEMENTERIAN KESIHATAN 22.29%","value":"21460650"},
{"source":"QUALITY REPUTATION","target":"KEMENTERIAN KESIHATAN 22.29%","value":"18522895"},
{"source":"QUALITY REPUTATION","target":"KEMENTERIAN KESIHATAN 22.29%","value":"18112103"},
{"source":"QUALITY REPUTATION","target":"KEMENTERIAN KESIHATAN 22.29%","value":"18112103"},
{"source":"QUALITY REPUTATION","target":"KEMENTERIAN KESIHATAN 22.29%","value":"18112103"},
{"source":"QUALITY REPUTATION","target":"KEMENTERIAN KESIHATAN 22.29%","value":"15767466"},
{"source":"QUALITY REPUTATION","target":"KEMENTERIAN KESIHATAN 22.29%","value":"14807400"},
{"source":"QUALITY REPUTATION","target":"KEMENTERIAN KESIHATAN 22.29%","value":"13479963"},
{"source":"QUALITY REPUTATION","target":"KEMENTERIAN KESIHATAN 22.29%","value":"13010527"},
{"source":"QUALITY REPUTATION","target":"KEMENTERIAN KESIHATAN 22.29%","value":"12869170"},
{"source":"QUALITY REPUTATION","target":"KEMENTERIAN KESIHATAN 22.29%","value":"11800107"},
{"source":"QUALITY REPUTATION","target":"KEMENTERIAN KESIHATAN 22.29%","value":"11021357"},
{"source":"QUALITY REPUTATION","target":"KEMENTERIAN KESIHATAN 22.29%","value":"10824528"},
{"source":"QUALITY REPUTATION","target":"KEMENTERIAN KESIHATAN 22.29%","value":"9216015"},
{"source":"QUALITY REPUTATION","target":"KEMENTERIAN KESIHATAN 22.29%","value":"9098859"},
{"source":"QUALITY REPUTATION","target":"KEMENTERIAN KESIHATAN 22.29%","value":"8990225"},
{"source":"QUALITY REPUTATION","target":"KEMENTERIAN KESIHATAN 22.29%","value":"8860000"},
{"source":"QUALITY REPUTATION","target":"KEMENTERIAN KESIHATAN 22.29%","value":"8337660"},
{"source":"QUALITY REPUTATION","target":"KEMENTERIAN KESIHATAN 22.29%","value":"8092588"},
{"source":"QUALITY REPUTATION","target":"KEMENTERIAN KESIHATAN 22.29%","value":"7965275"},
{"source":"QUALITY REPUTATION","target":"KEMENTERIAN KESIHATAN 22.29%","value":"7921450"},
{"source":"QUALITY REPUTATION","target":"KEMENTERIAN KESIHATAN 22.29%","value":"7858754"},
{"source":"QUALITY REPUTATION","target":"KEMENTERIAN KESIHATAN 22.29%","value":"7549133"},
{"source":"QUALITY REPUTATION","target":"KEMENTERIAN KESIHATAN 22.29%","value":"7240968"},
{"source":"QUALITY REPUTATION","target":"KEMENTERIAN KESIHATAN 22.29%","value":"7154102"},
{"source":"QUALITY REPUTATION","target":"KEMENTERIAN KESIHATAN 22.29%","value":"7126025"},
{"source":"QUALITY REPUTATION","target":"KEMENTERIAN KESIHATAN 22.29%","value":"6997359"},
{"source":"QUALITY REPUTATION","target":"KEMENTERIAN KESIHATAN 22.29%","value":"6676855"},
{"source":"QUALITY REPUTATION","target":"KEMENTERIAN KESIHATAN 22.29%","value":"6676855"},
{"source":"QUALITY REPUTATION","target":"KEMENTERIAN KESIHATAN 22.29%","value":"6425320"},
{"source":"QUALITY REPUTATION","target":"KEMENTERIAN KESIHATAN 22.29%","value":"5983878"},
{"source":"QUALITY REPUTATION","target":"KEMENTERIAN KESIHATAN 22.29%","value":"5844476"},
{"source":"QUALITY REPUTATION","target":"KEMENTERIAN KESIHATAN 22.29%","value":"5667160"},
{"source":"QUALITY REPUTATION","target":"KEMENTERIAN KESIHATAN 22.29%","value":"5462392"},
{"source":"QUALITY REPUTATION","target":"KEMENTERIAN KESIHATAN 22.29%","value":"5079376"},
{"source":"QUALITY REPUTATION","target":"KEMENTERIAN KESIHATAN 22.29%","value":"4576144"},
{"source":"QUALITY REPUTATION","target":"KEMENTERIAN KESIHATAN 22.29%","value":"4153800"},
{"source":"QUALITY REPUTATION","target":"KEMENTERIAN KESIHATAN 22.29%","value":"4088070"},
{"source":"QUALITY REPUTATION","target":"KEMENTERIAN KESIHATAN 22.29%","value":"3851403"},
{"source":"QUALITY REPUTATION","target":"KEMENTERIAN KESIHATAN 22.29%","value":"3843941"},
{"source":"QUALITY REPUTATION","target":"KEMENTERIAN KESIHATAN 22.29%","value":"3677206"},
{"source":"QUALITY REPUTATION","target":"KEMENTERIAN KESIHATAN 22.29%","value":"3612096"},
{"source":"QUALITY REPUTATION","target":"KEMENTERIAN KESIHATAN 22.29%","value":"3516286"},
{"source":"QUALITY REPUTATION","target":"KEMENTERIAN KESIHATAN 22.29%","value":"3421902"},
{"source":"QUALITY REPUTATION","target":"KEMENTERIAN KESIHATAN 22.29%","value":"3392385"},
{"source":"QUALITY REPUTATION","target":"KEMENTERIAN KESIHATAN 22.29%","value":"3167380"},
{"source":"QUALITY REPUTATION","target":"KEMENTERIAN KESIHATAN 22.29%","value":"3025646"},
{"source":"QUALITY REPUTATION","target":"KEMENTERIAN KESIHATAN 22.29%","value":"2908118"},
{"source":"QUALITY REPUTATION","target":"KEMENTERIAN KESIHATAN 22.29%","value":"2821000"},
{"source":"QUALITY REPUTATION","target":"KEMENTERIAN KESIHATAN 22.29%","value":"2572339"},
{"source":"QUALITY REPUTATION","target":"KEMENTERIAN KESIHATAN 22.29%","value":"2533300"},
{"source":"QUALITY REPUTATION","target":"KEMENTERIAN KESIHATAN 22.29%","value":"2466000"},
{"source":"QUALITY REPUTATION","target":"KEMENTERIAN KESIHATAN 22.29%","value":"2393051"},
{"source":"QUALITY REPUTATION","target":"KEMENTERIAN KESIHATAN 22.29%","value":"2274634"},
{"source":"QUALITY REPUTATION","target":"KEMENTERIAN KESIHATAN 22.29%","value":"2185008"},
{"source":"QUALITY REPUTATION","target":"KEMENTERIAN KESIHATAN 22.29%","value":"2183832"},
{"source":"QUALITY REPUTATION","target":"KEMENTERIAN KESIHATAN 22.29%","value":"1791257"},
{"source":"QUALITY REPUTATION","target":"KEMENTERIAN KESIHATAN 22.29%","value":"1485765"},
{"source":"QUALITY REPUTATION","target":"KEMENTERIAN KESIHATAN 22.29%","value":"1430875"},
{"source":"QUALITY REPUTATION","target":"KEMENTERIAN KESIHATAN 22.29%","value":"1393238"},
{"source":"QUALITY REPUTATION","target":"KEMENTERIAN KESIHATAN 22.29%","value":"1052804"},
{"source":"QUALITY REPUTATION","target":"KEMENTERIAN KESIHATAN 22.29%","value":"697788"},
{"source":"QUALITY REPUTATION","target":"KEMENTERIAN PENGAJIAN TINGGI 0.77%","value":"319600"},
{"source":"QUALITY REPUTATION","target":"KEMENTERIAN PENGAJIAN TINGGI 0.77%","value":"200000"},
{"source":"QUALITY REPUTATION","target":"KEMENTERIAN PENGAJIAN TINGGI 0.77%","value":"166225"},
{"source":"QUALITY REPUTATION","target":"KEMENTERIAN PENGAJIAN TINGGI 0.77%","value":"160000"},
{"source":"QUALITY REPUTATION","target":"KEMENTERIAN PENGAJIAN TINGGI 0.77%","value":"142110"},
{"source":"QUALITY REPUTATION","target":"KEMENTERIAN KESIHATAN 22.29%","value":"75750"},
{"source":"QUALITY REPUTATION","target":"KEMENTERIAN KESIHATAN 22.29%","value":"69300"},
{"source":"QUALITY REPUTATION","target":"KEMENTERIAN PENGAJIAN TINGGI 0.77%","value":"68000"},
{"source":"QUALITY REPUTATION","target":"KEMENTERIAN PENGAJIAN TINGGI 0.77%","value":"66600"},
{"source":"QUALITY REPUTATION","target":"KEMENTERIAN PENGAJIAN TINGGI 0.77%","value":"60000"},
{"source":"QUALITY REPUTATION","target":"KEMENTERIAN KESIHATAN 22.29%","value":"52000"},
{"source":"QUALITY REPUTATION","target":"KEMENTERIAN PENGAJIAN TINGGI 0.77%","value":"46421"},
{"source":"QUALITY REPUTATION","target":"KEMENTERIAN PENGAJIAN TINGGI 0.77%","value":"40000"},
{"source":"QUALITY REPUTATION","target":"KEMENTERIAN PENGAJIAN TINGGI 0.77%","value":"37000"},
{"source":"QUALITY REPUTATION","target":"KEMENTERIAN PENGAJIAN TINGGI 0.77%","value":"34000"},
{"source":"QUALITY REPUTATION","target":"KEMENTERIAN PENGAJIAN TINGGI 0.77%","value":"33158"},
{"source":"QUALITY REPUTATION","target":"KEMENTERIAN PENGAJIAN TINGGI 0.77%","value":"5600"},
{"source":"PHARMANIAGA LOGISTICS","target":"KEMENTERIAN PERTAHANAN 8.71%","value":"900000"},
{"source":"GTC GLOBAL","target":"KEMENTERIAN KESEJAHTERAAN BANDAR, PERUMAHAN DAN KERAJAAN TEMPATAN 3.29%","value":"59871200"},
{"source":"GTC GLOBAL","target":"KEMENTERIAN KESEJAHTERAAN BANDAR, PERUMAHAN DAN KERAJAAN TEMPATAN 3.29%","value":"59871200"},
{"source":"GTC GLOBAL","target":"KEMENTERIAN KESEJAHTERAAN BANDAR, PERUMAHAN DAN KERAJAAN TEMPATAN 3.29%","value":"59871200"},
{"source":"HEITECH PADU","target":"JABATAN PERDANA MENTERI 13.94%","value":"4193912"},
{"source":"HEITECH PADU","target":"KEMENTERIAN PERTAHANAN 8.71%","value":"2988000"},
{"source":"HEITECH PADU","target":"KEMENTERIAN PERTAHANAN 8.71%","value":"2988000"},
{"source":"HEITECH PADU","target":"JABATAN PERDANA MENTERI 13.94%","value":"12280000"},
{"source":"HEITECH PADU","target":"KEMENTERIAN DALAM NEGERI 6.29%","value":"117785616"},
{"source":"HEITECH PADU","target":"KEMENTERIAN KEWANGAN 5.07%","value":"32400000"},
{"source":"HEITECH PADU","target":"KEMENTERIAN DALAM NEGERI 6.29%","value":"18947085"},
{"source":"HEITECH PADU","target":"KEMENTERIAN DALAM NEGERI 6.29%","value":"15888000"},
{"source":"HEITECH PADU","target":"KEMENTERIAN DALAM NEGERI 6.29%","value":"2941208"},
{"source":"HEITECH PADU","target":"KEMENTERIAN PERTAHANAN 8.71%","value":"1472000"},
{"source":"HEITECH PADU","target":"KEMENTERIAN KESIHATAN 22.29%","value":"3877792"},
{"source":"HEITECH PADU","target":"KEMENTERIAN KEMAJUAN LUAR BANDAR DAN WILAYAH 12.73%","value":"956372"},
{"source":"HEITECH PADU","target":"KEMENTERIAN KESIHATAN 22.29%","value":"800000"},
{"source":"HEITECH PADU","target":"KEMENTERIAN DALAM NEGERI 6.29%","value":"74938423"},
{"source":"HEITECH PADU","target":"KEMENTERIAN DALAM NEGERI 6.29%","value":"2941208"},
{"source":"HEITECH PADU","target":"KEMENTERIAN KESIHATAN 22.29%","value":"824755"},
{"source":"INNOVATION ASSOCIATES","target":"KEMENTERIAN KEWANGAN 5.07%","value":"228843215"},
{"source":"LEADSHINE","target":"KEMENTERIAN KEMAJUAN LUAR BANDAR DAN WILAYAH 12.73%","value":"133933000"},
{"source":"LEADSHINE","target":"KEMENTERIAN KERJA RAYA 11.42%","value":"32008370"},
{"source":"LEADSHINE","target":"KEMENTERIAN KEMAJUAN LUAR BANDAR DAN WILAYAH 12.73%","value":"24297795"},
{"source":"LOH & LOH-GEORGE KENT-HAZAMA JV","target":"KEMENTERIAN TENAGA, TEKNOLOGI HIJAU DAN AIR 4.43%","value":"265925352"},
{"source":"M S ALLY PHARMA","target":"KEMENTERIAN KESIHATAN 22.29%","value":"3680325"},
{"source":"M S ALLY PHARMA","target":"KEMENTERIAN KESIHATAN 22.29%","value":"3671325"},
{"source":"M S ALLY PHARMA","target":"KEMENTERIAN KESIHATAN 22.29%","value":"1937702"},
{"source":"M S ALLY PHARMA","target":"KEMENTERIAN KESIHATAN 22.29%","value":"805956"},
{"source":"M S ALLY PHARMA","target":"KEMENTERIAN KESIHATAN 22.29%","value":"775016"},
{"source":"M S ALLY PHARMA","target":"KEMENTERIAN KESIHATAN 22.29%","value":"22211280"},
{"source":"M S ALLY PHARMA","target":"KEMENTERIAN KESIHATAN 22.29%","value":"19061752"},
{"source":"M S ALLY PHARMA","target":"KEMENTERIAN KESIHATAN 22.29%","value":"93612000"},
{"source":"M S ALLY PHARMA","target":"KEMENTERIAN KESIHATAN 22.29%","value":"7976400"},
{"source":"M S ALLY PHARMA","target":"KEMENTERIAN KESIHATAN 22.29%","value":"7917482"},
{"source":"M S ALLY PHARMA","target":"KEMENTERIAN KESIHATAN 22.29%","value":"6705364"},
{"source":"M S ALLY PHARMA","target":"KEMENTERIAN KESIHATAN 22.29%","value":"6018850"},
{"source":"M S ALLY PHARMA","target":"KEMENTERIAN KESIHATAN 22.29%","value":"5725067"},
{"source":"M S ALLY PHARMA","target":"KEMENTERIAN KESIHATAN 22.29%","value":"5277384"},
{"source":"M S ALLY PHARMA","target":"KEMENTERIAN KESIHATAN 22.29%","value":"3613659"},
{"source":"M S ALLY PHARMA","target":"KEMENTERIAN KESIHATAN 22.29%","value":"3427578"},
{"source":"M S ALLY PHARMA","target":"KEMENTERIAN PENGAJIAN TINGGI 0.77%","value":"3344425"},
{"source":"M S ALLY PHARMA","target":"KEMENTERIAN PENGAJIAN TINGGI 0.77%","value":"3249882"},
{"source":"M S ALLY PHARMA","target":"KEMENTERIAN KESIHATAN 22.29%","value":"3220650"},
{"source":"M S ALLY PHARMA","target":"KEMENTERIAN KESIHATAN 22.29%","value":"3146850"},
{"source":"M S ALLY PHARMA","target":"KEMENTERIAN KESIHATAN 22.29%","value":"3138921"},
{"source":"M S ALLY PHARMA","target":"KEMENTERIAN KESIHATAN 22.29%","value":"3007980"},
{"source":"M S ALLY PHARMA","target":"KEMENTERIAN KESIHATAN 22.29%","value":"2800580"},
{"source":"M S ALLY PHARMA","target":"KEMENTERIAN KESIHATAN 22.29%","value":"2788800"},
{"source":"M S ALLY PHARMA","target":"KEMENTERIAN KESIHATAN 22.29%","value":"2773047"},
{"source":"M S ALLY PHARMA","target":"KEMENTERIAN KESIHATAN 22.29%","value":"2196510"},
{"source":"M S ALLY PHARMA","target":"KEMENTERIAN KESIHATAN 22.29%","value":"2010492"},
{"source":"M S ALLY PHARMA","target":"KEMENTERIAN KESIHATAN 22.29%","value":"1897200"},
{"source":"M S ALLY PHARMA","target":"KEMENTERIAN KESIHATAN 22.29%","value":"1758479"},
{"source":"M S ALLY PHARMA","target":"KEMENTERIAN KESIHATAN 22.29%","value":"1622627"},
{"source":"M S ALLY PHARMA","target":"KEMENTERIAN KESIHATAN 22.29%","value":"1516697"},
{"source":"M S ALLY PHARMA","target":"KEMENTERIAN PENGAJIAN TINGGI 0.77%","value":"1356800"},
{"source":"M S ALLY PHARMA","target":"KEMENTERIAN KESIHATAN 22.29%","value":"1209646"},
{"source":"M S ALLY PHARMA","target":"KEMENTERIAN PENGAJIAN TINGGI 0.77%","value":"1172659"},
{"source":"M S ALLY PHARMA","target":"KEMENTERIAN KESIHATAN 22.29%","value":"1075039"},
{"source":"M S ALLY PHARMA","target":"KEMENTERIAN KESIHATAN 22.29%","value":"680295"},
{"source":"M S ALLY PHARMA","target":"KEMENTERIAN PENGAJIAN TINGGI 0.77%","value":"587060"},
{"source":"M S ALLY PHARMA","target":"KEMENTERIAN KESIHATAN 22.29%","value":"551760"},
{"source":"M S ALLY PHARMA","target":"KEMENTERIAN PENGAJIAN TINGGI 0.77%","value":"432000"},
{"source":"M S ALLY PHARMA","target":"KEMENTERIAN PENGAJIAN TINGGI 0.77%","value":"425000"},
{"source":"M S ALLY PHARMA","target":"KEMENTERIAN PENGAJIAN TINGGI 0.77%","value":"425000"},
{"source":"M S ALLY PHARMA","target":"KEMENTERIAN PENGAJIAN TINGGI 0.77%","value":"419325"},
{"source":"M S ALLY PHARMA","target":"JABATAN PERDANA MENTERI 13.94%","value":"365657"},
{"source":"M S ALLY PHARMA","target":"KEMENTERIAN PENGAJIAN TINGGI 0.77%","value":"337110"},
{"source":"M S ALLY PHARMA","target":"KEMENTERIAN PENGAJIAN TINGGI 0.77%","value":"329640"},
{"source":"M S ALLY PHARMA","target":"KEMENTERIAN PENGAJIAN TINGGI 0.77%","value":"313425"},
{"source":"M S ALLY PHARMA","target":"KEMENTERIAN PENGAJIAN TINGGI 0.77%","value":"305880"},
{"source":"M S ALLY PHARMA","target":"KEMENTERIAN PENGAJIAN TINGGI 0.77%","value":"301305"},
{"source":"M S ALLY PHARMA","target":"KEMENTERIAN PENGAJIAN TINGGI 0.77%","value":"298200"},
{"source":"M S ALLY PHARMA","target":"KEMENTERIAN KESIHATAN 22.29%","value":"291984"},
{"source":"M S ALLY PHARMA","target":"KEMENTERIAN PENGAJIAN TINGGI 0.77%","value":"284205"},
{"source":"M S ALLY PHARMA","target":"KEMENTERIAN PENGAJIAN TINGGI 0.77%","value":"283500"},
{"source":"M S ALLY PHARMA","target":"KEMENTERIAN PENGAJIAN TINGGI 0.77%","value":"283500"},
{"source":"M S ALLY PHARMA","target":"KEMENTERIAN PENGAJIAN TINGGI 0.77%","value":"280365"},
{"source":"M S ALLY PHARMA","target":"KEMENTERIAN PENGAJIAN TINGGI 0.77%","value":"270810"},
{"source":"M S ALLY PHARMA","target":"KEMENTERIAN PENGAJIAN TINGGI 0.77%","value":"260560"},
{"source":"M S ALLY PHARMA","target":"KEMENTERIAN PENGAJIAN TINGGI 0.77%","value":"260560"},
{"source":"M S ALLY PHARMA","target":"KEMENTERIAN PENGAJIAN TINGGI 0.77%","value":"243386"},
{"source":"M S ALLY PHARMA","target":"KEMENTERIAN PENGAJIAN TINGGI 0.77%","value":"237200"},
{"source":"M S ALLY PHARMA","target":"KEMENTERIAN PENGAJIAN TINGGI 0.77%","value":"237200"},
{"source":"M S ALLY PHARMA","target":"KEMENTERIAN PENGAJIAN TINGGI 0.77%","value":"230800"},
{"source":"M S ALLY PHARMA","target":"KEMENTERIAN PENGAJIAN TINGGI 0.77%","value":"222000"},
{"source":"M S ALLY PHARMA","target":"KEMENTERIAN PENGAJIAN TINGGI 0.77%","value":"215200"},
{"source":"M S ALLY PHARMA","target":"KEMENTERIAN PENGAJIAN TINGGI 0.77%","value":"210300"},
{"source":"M S ALLY PHARMA","target":"KEMENTERIAN PENGAJIAN TINGGI 0.77%","value":"209200"},
{"source":"M S ALLY PHARMA","target":"KEMENTERIAN PENGAJIAN TINGGI 0.77%","value":"208950"},
{"source":"M S ALLY PHARMA","target":"KEMENTERIAN PENGAJIAN TINGGI 0.77%","value":"204000"},
{"source":"M S ALLY PHARMA","target":"KEMENTERIAN PENGAJIAN TINGGI 0.77%","value":"199200"},
{"source":"M S ALLY PHARMA","target":"KEMENTERIAN PENGAJIAN TINGGI 0.77%","value":"164000"},
{"source":"M S ALLY PHARMA","target":"KEMENTERIAN PENGAJIAN TINGGI 0.77%","value":"159200"},
{"source":"M S ALLY PHARMA","target":"KEMENTERIAN PENGAJIAN TINGGI 0.77%","value":"156002"},
{"source":"M S ALLY PHARMA","target":"KEMENTERIAN PENGAJIAN TINGGI 0.77%","value":"132930"},
{"source":"M S ALLY PHARMA","target":"KEMENTERIAN PENGAJIAN TINGGI 0.77%","value":"130800"},
{"source":"M S ALLY PHARMA","target":"KEMENTERIAN PENGAJIAN TINGGI 0.77%","value":"126000"},
{"source":"M S ALLY PHARMA","target":"KEMENTERIAN PENGAJIAN TINGGI 0.77%","value":"114160"},
{"source":"M S ALLY PHARMA","target":"KEMENTERIAN PENGAJIAN TINGGI 0.77%","value":"109880"},
{"source":"M S ALLY PHARMA","target":"KEMENTERIAN PENGAJIAN TINGGI 0.77%","value":"107600"},
{"source":"M S ALLY PHARMA","target":"KEMENTERIAN PENGAJIAN TINGGI 0.77%","value":"106500"},
{"source":"M S ALLY PHARMA","target":"KEMENTERIAN PENGAJIAN TINGGI 0.77%","value":"105820"},
{"source":"M S ALLY PHARMA","target":"KEMENTERIAN PENGAJIAN TINGGI 0.77%","value":"102180"},
{"source":"M S ALLY PHARMA","target":"KEMENTERIAN PENGAJIAN TINGGI 0.77%","value":"98300"},
{"source":"M S ALLY PHARMA","target":"KEMENTERIAN PENGAJIAN TINGGI 0.77%","value":"98100"},
{"source":"M S ALLY PHARMA","target":"KEMENTERIAN PENGAJIAN TINGGI 0.77%","value":"94200"},
{"source":"M S ALLY PHARMA","target":"KEMENTERIAN PENGAJIAN TINGGI 0.77%","value":"93000"},
{"source":"M S ALLY PHARMA","target":"KEMENTERIAN PENGAJIAN TINGGI 0.77%","value":"93000"},
{"source":"M S ALLY PHARMA","target":"KEMENTERIAN PENGAJIAN TINGGI 0.77%","value":"92550"},
{"source":"M S ALLY PHARMA","target":"KEMENTERIAN PENGAJIAN TINGGI 0.77%","value":"92550"},
{"source":"M S ALLY PHARMA","target":"KEMENTERIAN PENGAJIAN TINGGI 0.77%","value":"91900"},
{"source":"M S ALLY PHARMA","target":"KEMENTERIAN PENGAJIAN TINGGI 0.77%","value":"91080"},
{"source":"M S ALLY PHARMA","target":"KEMENTERIAN PENGAJIAN TINGGI 0.77%","value":"90714"},
{"source":"M S ALLY PHARMA","target":"KEMENTERIAN PENGAJIAN TINGGI 0.77%","value":"89200"},
{"source":"M S ALLY PHARMA","target":"KEMENTERIAN PENGAJIAN TINGGI 0.77%","value":"88200"},
{"source":"M S ALLY PHARMA","target":"KEMENTERIAN PENGAJIAN TINGGI 0.77%","value":"88000"},
{"source":"M S ALLY PHARMA","target":"KEMENTERIAN PENGAJIAN TINGGI 0.77%","value":"86900"},
{"source":"M S ALLY PHARMA","target":"KEMENTERIAN PENGAJIAN TINGGI 0.77%","value":"85760"},
{"source":"M S ALLY PHARMA","target":"KEMENTERIAN PENGAJIAN TINGGI 0.77%","value":"85500"},
{"source":"M S ALLY PHARMA","target":"KEMENTERIAN PENGAJIAN TINGGI 0.77%","value":"84600"},
{"source":"M S ALLY PHARMA","target":"KEMENTERIAN PENGAJIAN TINGGI 0.77%","value":"83492"},
{"source":"M S ALLY PHARMA","target":"KEMENTERIAN PENGAJIAN TINGGI 0.77%","value":"82350"},
{"source":"M S ALLY PHARMA","target":"KEMENTERIAN PENGAJIAN TINGGI 0.77%","value":"79600"},
{"source":"M S ALLY PHARMA","target":"KEMENTERIAN PENGAJIAN TINGGI 0.77%","value":"78525"},
{"source":"M S ALLY PHARMA","target":"KEMENTERIAN PENGAJIAN TINGGI 0.77%","value":"77250"},
{"source":"M S ALLY PHARMA","target":"KEMENTERIAN PENGAJIAN TINGGI 0.77%","value":"75600"},
{"source":"M S ALLY PHARMA","target":"KEMENTERIAN PENGAJIAN TINGGI 0.77%","value":"73200"},
{"source":"M S ALLY PHARMA","target":"KEMENTERIAN PENGAJIAN TINGGI 0.77%","value":"72000"},
{"source":"M S ALLY PHARMA","target":"KEMENTERIAN PENGAJIAN TINGGI 0.77%","value":"71800"},
{"source":"M S ALLY PHARMA","target":"KEMENTERIAN PENGAJIAN TINGGI 0.77%","value":"71800"},
{"source":"M S ALLY PHARMA","target":"KEMENTERIAN PENGAJIAN TINGGI 0.77%","value":"69600"},
{"source":"M S ALLY PHARMA","target":"KEMENTERIAN PENGAJIAN TINGGI 0.77%","value":"69600"},
{"source":"M S ALLY PHARMA","target":"KEMENTERIAN PENGAJIAN TINGGI 0.77%","value":"67150"},
{"source":"M S ALLY PHARMA","target":"KEMENTERIAN PENGAJIAN TINGGI 0.77%","value":"66240"},
{"source":"M S ALLY PHARMA","target":"KEMENTERIAN PENGAJIAN TINGGI 0.77%","value":"66240"},
{"source":"M S ALLY PHARMA","target":"KEMENTERIAN PENGAJIAN TINGGI 0.77%","value":"64400"},
{"source":"M S ALLY PHARMA","target":"KEMENTERIAN PENGAJIAN TINGGI 0.77%","value":"63250"},
{"source":"M S ALLY PHARMA","target":"KEMENTERIAN PENGAJIAN TINGGI 0.77%","value":"62800"},
{"source":"M S ALLY PHARMA","target":"KEMENTERIAN PENGAJIAN TINGGI 0.77%","value":"61700"},
{"source":"M S ALLY PHARMA","target":"KEMENTERIAN PENGAJIAN TINGGI 0.77%","value":"60800"},
{"source":"M S ALLY PHARMA","target":"KEMENTERIAN PENGAJIAN TINGGI 0.77%","value":"60750"},
{"source":"M S ALLY PHARMA","target":"KEMENTERIAN PENGAJIAN TINGGI 0.77%","value":"60000"},
{"source":"M S ALLY PHARMA","target":"KEMENTERIAN PENGAJIAN TINGGI 0.77%","value":"59300"},
{"source":"M S ALLY PHARMA","target":"KEMENTERIAN PENGAJIAN TINGGI 0.77%","value":"57040"},
{"source":"M S ALLY PHARMA","target":"KEMENTERIAN PENGAJIAN TINGGI 0.77%","value":"56700"},
{"source":"M S ALLY PHARMA","target":"KEMENTERIAN PENGAJIAN TINGGI 0.77%","value":"55520"},
{"source":"M S ALLY PHARMA","target":"KEMENTERIAN PENGAJIAN TINGGI 0.77%","value":"55500"},
{"source":"M S ALLY PHARMA","target":"KEMENTERIAN PENGAJIAN TINGGI 0.77%","value":"54600"},
{"source":"M S ALLY PHARMA","target":"KEMENTERIAN PENGAJIAN TINGGI 0.77%","value":"53160"},
{"source":"M S ALLY PHARMA","target":"KEMENTERIAN PENGAJIAN TINGGI 0.77%","value":"50963"},
{"source":"M S ALLY PHARMA","target":"KEMENTERIAN PENGAJIAN TINGGI 0.77%","value":"50640"},
{"source":"M S ALLY PHARMA","target":"KEMENTERIAN PENGAJIAN TINGGI 0.77%","value":"49150"},
{"source":"M S ALLY PHARMA","target":"KEMENTERIAN PENGAJIAN TINGGI 0.77%","value":"48600"},
{"source":"M S ALLY PHARMA","target":"KEMENTERIAN PENGAJIAN TINGGI 0.77%","value":"47250"},
{"source":"M S ALLY PHARMA","target":"KEMENTERIAN PENGAJIAN TINGGI 0.77%","value":"47100"},
{"source":"M S ALLY PHARMA","target":"KEMENTERIAN PENGAJIAN TINGGI 0.77%","value":"46620"},
{"source":"M S ALLY PHARMA","target":"KEMENTERIAN PENGAJIAN TINGGI 0.77%","value":"43775"},
{"source":"M S ALLY PHARMA","target":"KEMENTERIAN PENGAJIAN TINGGI 0.77%","value":"42800"},
{"source":"M S ALLY PHARMA","target":"KEMENTERIAN PENGAJIAN TINGGI 0.77%","value":"42750"},
{"source":"M S ALLY PHARMA","target":"KEMENTERIAN PENGAJIAN TINGGI 0.77%","value":"42300"},
{"source":"M S ALLY PHARMA","target":"KEMENTERIAN PENGAJIAN TINGGI 0.77%","value":"42290"},
{"source":"M S ALLY PHARMA","target":"KEMENTERIAN PENGAJIAN TINGGI 0.77%","value":"42290"},
{"source":"M S ALLY PHARMA","target":"KEMENTERIAN PENGAJIAN TINGGI 0.77%","value":"39960"},
{"source":"M S ALLY PHARMA","target":"KEMENTERIAN PENGAJIAN TINGGI 0.77%","value":"36500"},
{"source":"M S ALLY PHARMA","target":"KEMENTERIAN PENGAJIAN TINGGI 0.77%","value":"35765"},
{"source":"M S ALLY PHARMA","target":"KEMENTERIAN PENGAJIAN TINGGI 0.77%","value":"35370"},
{"source":"M S ALLY PHARMA","target":"KEMENTERIAN PENGAJIAN TINGGI 0.77%","value":"35250"},
{"source":"M S ALLY PHARMA","target":"KEMENTERIAN PENGAJIAN TINGGI 0.77%","value":"34500"},
{"source":"M S ALLY PHARMA","target":"KEMENTERIAN PENGAJIAN TINGGI 0.77%","value":"33575"},
{"source":"M S ALLY PHARMA","target":"KEMENTERIAN PENGAJIAN TINGGI 0.77%","value":"33397"},
{"source":"M S ALLY PHARMA","target":"KEMENTERIAN PENGAJIAN TINGGI 0.77%","value":"33250"},
{"source":"M S ALLY PHARMA","target":"KEMENTERIAN PENGAJIAN TINGGI 0.77%","value":"31000"},
{"source":"M S ALLY PHARMA","target":"KEMENTERIAN PENGAJIAN TINGGI 0.77%","value":"30770"},
{"source":"M S ALLY PHARMA","target":"KEMENTERIAN PENGAJIAN TINGGI 0.77%","value":"27350"},
{"source":"M S ALLY PHARMA","target":"KEMENTERIAN PENGAJIAN TINGGI 0.77%","value":"25773"},
{"source":"M S ALLY PHARMA","target":"KEMENTERIAN PENGAJIAN TINGGI 0.77%","value":"25300"},
{"source":"M S ALLY PHARMA","target":"KEMENTERIAN PENGAJIAN TINGGI 0.77%","value":"24000"},
{"source":"M S ALLY PHARMA","target":"KEMENTERIAN PENGAJIAN TINGGI 0.77%","value":"23400"},
{"source":"M S ALLY PHARMA","target":"KEMENTERIAN PENGAJIAN TINGGI 0.77%","value":"22650"},
{"source":"M S ALLY PHARMA","target":"KEMENTERIAN PENGAJIAN TINGGI 0.77%","value":"22200"},
{"source":"M S ALLY PHARMA","target":"KEMENTERIAN PENGAJIAN TINGGI 0.77%","value":"21100"},
{"source":"M S ALLY PHARMA","target":"KEMENTERIAN PENGAJIAN TINGGI 0.77%","value":"19500"},
{"source":"M S ALLY PHARMA","target":"KEMENTERIAN PENGAJIAN TINGGI 0.77%","value":"18900"},
{"source":"M S ALLY PHARMA","target":"KEMENTERIAN PENGAJIAN TINGGI 0.77%","value":"18900"},
{"source":"M S ALLY PHARMA","target":"KEMENTERIAN PENGAJIAN TINGGI 0.77%","value":"18855"},
{"source":"M S ALLY PHARMA","target":"KEMENTERIAN PENGAJIAN TINGGI 0.77%","value":"18600"},
{"source":"M S ALLY PHARMA","target":"KEMENTERIAN PENGAJIAN TINGGI 0.77%","value":"16988"},
{"source":"M S ALLY PHARMA","target":"KEMENTERIAN PENGAJIAN TINGGI 0.77%","value":"16740"},
{"source":"M S ALLY PHARMA","target":"KEMENTERIAN PENGAJIAN TINGGI 0.77%","value":"16410"},
{"source":"M S ALLY PHARMA","target":"KEMENTERIAN PENGAJIAN TINGGI 0.77%","value":"15750"},
{"source":"M S ALLY PHARMA","target":"KEMENTERIAN PENGAJIAN TINGGI 0.77%","value":"15200"},
{"source":"M S ALLY PHARMA","target":"KEMENTERIAN PENGAJIAN TINGGI 0.77%","value":"14260"},
{"source":"M S ALLY PHARMA","target":"KEMENTERIAN PENGAJIAN TINGGI 0.77%","value":"11600"},
{"source":"M S ALLY PHARMA","target":"KEMENTERIAN PENGAJIAN TINGGI 0.77%","value":"10940"},
{"source":"M S ALLY PHARMA","target":"KEMENTERIAN PENGAJIAN TINGGI 0.77%","value":"9450"},
{"source":"M S ALLY PHARMA","target":"KEMENTERIAN PENGAJIAN TINGGI 0.77%","value":"9120"},
{"source":"M S ALLY PHARMA","target":"KEMENTERIAN PENGAJIAN TINGGI 0.77%","value":"8370"},
{"source":"M S ALLY PHARMA","target":"KEMENTERIAN KESIHATAN 22.29%","value":"4346816"},
{"source":"M S ALLY PHARMA","target":"KEMENTERIAN KESIHATAN 22.29%","value":"1777789"},
{"source":"M S ALLY PHARMA","target":"KEMENTERIAN KESIHATAN 22.29%","value":"1198517"},
{"source":"M S ALLY PHARMA","target":"KEMENTERIAN KESIHATAN 22.29%","value":"2660383"},
{"source":"M S ALLY PHARMA","target":"KEMENTERIAN KESIHATAN 22.29%","value":"1355947"},
{"source":"SRI TINGGI","target":"KEMENTERIAN PERTAHANAN 8.71%","value":"173300000"},
{"source":"TARGET RESOURCES","target":"KEMENTERIAN PERTAHANAN 8.71%","value":"26250000"},
{"source":"TARGET RESOURCES","target":"KEMENTERIAN PERTAHANAN 8.71%","value":"275000000"},
{"source":"MUTIARA MURNI","target":"KEMENTERIAN KESIHATAN 22.29%","value":"18235503"},
{"source":"MUTIARA MURNI","target":"KEMENTERIAN KESIHATAN 22.29%","value":"10784000"},
{"source":"MUTIARA MURNI","target":"KEMENTERIAN KESIHATAN 22.29%","value":"10379600"},
{"source":"MUTIARA MURNI","target":"KEMENTERIAN KESIHATAN 22.29%","value":"9424325"},
{"source":"MUTIARA MURNI","target":"KEMENTERIAN KESIHATAN 22.29%","value":"8639085"},
{"source":"MUTIARA MURNI","target":"KEMENTERIAN KESIHATAN 22.29%","value":"8358500"},
{"source":"MUTIARA MURNI","target":"KEMENTERIAN KESIHATAN 22.29%","value":"6600852"},
{"source":"MUTIARA MURNI","target":"KEMENTERIAN KESIHATAN 22.29%","value":"6472937"},
{"source":"MUTIARA MURNI","target":"KEMENTERIAN KESIHATAN 22.29%","value":"6138330"},
{"source":"MUTIARA MURNI","target":"KEMENTERIAN KESIHATAN 22.29%","value":"5911136"},
{"source":"MUTIARA MURNI","target":"KEMENTERIAN KESIHATAN 22.29%","value":"5791740"},
{"source":"MUTIARA MURNI","target":"KEMENTERIAN KESIHATAN 22.29%","value":"5399515"},
{"source":"MUTIARA MURNI","target":"KEMENTERIAN KESIHATAN 22.29%","value":"4073472"},
{"source":"MUTIARA MURNI","target":"KEMENTERIAN KESIHATAN 22.29%","value":"4073472"},
{"source":"MUTIARA MURNI","target":"KEMENTERIAN KESIHATAN 22.29%","value":"3908520"},
{"source":"MUTIARA MURNI","target":"KEMENTERIAN KESIHATAN 22.29%","value":"3722400"},
{"source":"MUTIARA MURNI","target":"KEMENTERIAN KESIHATAN 22.29%","value":"3441366"},
{"source":"MUTIARA MURNI","target":"KEMENTERIAN KESIHATAN 22.29%","value":"3268000"},
{"source":"MUTIARA MURNI","target":"KEMENTERIAN KESIHATAN 22.29%","value":"3086528"},
{"source":"MUTIARA MURNI","target":"KEMENTERIAN KESIHATAN 22.29%","value":"2888697"},
{"source":"MUTIARA MURNI","target":"KEMENTERIAN KESIHATAN 22.29%","value":"2476306"},
{"source":"MUTIARA MURNI","target":"KEMENTERIAN KESIHATAN 22.29%","value":"1866699"},
{"source":"MUTIARA MURNI","target":"KEMENTERIAN KESIHATAN 22.29%","value":"1812440"},
{"source":"MUTIARA MURNI","target":"KEMENTERIAN KESIHATAN 22.29%","value":"1039061"},
{"source":"MUTIARA MURNI","target":"KEMENTERIAN PENGAJIAN TINGGI 0.77%","value":"750480"},
{"source":"MUTIARA MURNI","target":"KEMENTERIAN KESIHATAN 22.29%","value":"734895"},
{"source":"MUTIARA MURNI","target":"KEMENTERIAN KESIHATAN 22.29%","value":"695508"},
{"source":"MUTIARA MURNI","target":"KEMENTERIAN KESIHATAN 22.29%","value":"681666"},
{"source":"MUTIARA MURNI","target":"KEMENTERIAN KESIHATAN 22.29%","value":"551800"},
{"source":"MUTIARA MURNI","target":"KEMENTERIAN KESIHATAN 22.29%","value":"551800"},
{"source":"MUTIARA MURNI","target":"KEMENTERIAN KESIHATAN 22.29%","value":"510000"},
{"source":"MUTIARA MURNI","target":"KEMENTERIAN KESIHATAN 22.29%","value":"510000"},
{"source":"MUTIARA MURNI","target":"KEMENTERIAN PENGAJIAN TINGGI 0.77%","value":"502902"},
{"source":"MUTIARA MURNI","target":"KEMENTERIAN KESIHATAN 22.29%","value":"451593"},
{"source":"MUTIARA MURNI","target":"KEMENTERIAN PENGAJIAN TINGGI 0.77%","value":"368000"},
{"source":"MUTIARA MURNI","target":"KEMENTERIAN PENGAJIAN TINGGI 0.77%","value":"324000"},
{"source":"MUTIARA MURNI","target":"KEMENTERIAN PENGAJIAN TINGGI 0.77%","value":"307500"},
{"source":"MUTIARA MURNI","target":"KEMENTERIAN KESIHATAN 22.29%","value":"301920"},
{"source":"MUTIARA MURNI","target":"KEMENTERIAN PENGAJIAN TINGGI 0.77%","value":"278980"},
{"source":"MUTIARA MURNI","target":"KEMENTERIAN PENGAJIAN TINGGI 0.77%","value":"244440"},
{"source":"MUTIARA MURNI","target":"KEMENTERIAN PENGAJIAN TINGGI 0.77%","value":"233824"},
{"source":"MUTIARA MURNI","target":"KEMENTERIAN PENGAJIAN TINGGI 0.77%","value":"226650"},
{"source":"MUTIARA MURNI","target":"KEMENTERIAN PENGAJIAN TINGGI 0.77%","value":"192000"},
{"source":"MUTIARA MURNI","target":"KEMENTERIAN PENGAJIAN TINGGI 0.77%","value":"175368"},
{"source":"MUTIARA MURNI","target":"KEMENTERIAN PENGAJIAN TINGGI 0.77%","value":"174895"},
{"source":"MUTIARA MURNI","target":"KEMENTERIAN PENGAJIAN TINGGI 0.77%","value":"141375"},
{"source":"MUTIARA MURNI","target":"KEMENTERIAN PENGAJIAN TINGGI 0.77%","value":"138000"},
{"source":"MUTIARA MURNI","target":"KEMENTERIAN PENGAJIAN TINGGI 0.77%","value":"133600"},
{"source":"MUTIARA MURNI","target":"KEMENTERIAN PENGAJIAN TINGGI 0.77%","value":"112300"},
{"source":"MUTIARA MURNI","target":"KEMENTERIAN PENGAJIAN TINGGI 0.77%","value":"98150"},
{"source":"MUTIARA MURNI","target":"KEMENTERIAN PENGAJIAN TINGGI 0.77%","value":"80960"},
{"source":"MUTIARA MURNI","target":"KEMENTERIAN PENGAJIAN TINGGI 0.77%","value":"76340"},
{"source":"MUTIARA MURNI","target":"KEMENTERIAN PENGAJIAN TINGGI 0.77%","value":"74483"},
{"source":"MUTIARA MURNI","target":"KEMENTERIAN PENGAJIAN TINGGI 0.77%","value":"70434"},
{"source":"MUTIARA MURNI","target":"KEMENTERIAN PENGAJIAN TINGGI 0.77%","value":"66800"},
{"source":"MUTIARA MURNI","target":"KEMENTERIAN PENGAJIAN TINGGI 0.77%","value":"66792"},
{"source":"MUTIARA MURNI","target":"KEMENTERIAN PENGAJIAN TINGGI 0.77%","value":"63900"},
{"source":"MUTIARA MURNI","target":"KEMENTERIAN PENGAJIAN TINGGI 0.77%","value":"59100"},
{"source":"MUTIARA MURNI","target":"KEMENTERIAN PENGAJIAN TINGGI 0.77%","value":"55350"},
{"source":"MUTIARA MURNI","target":"KEMENTERIAN PENGAJIAN TINGGI 0.77%","value":"43773"},
{"source":"MUTIARA MURNI","target":"KEMENTERIAN PENGAJIAN TINGGI 0.77%","value":"33440"},
{"source":"MUTIARA MURNI","target":"KEMENTERIAN PENGAJIAN TINGGI 0.77%","value":"33190"},
{"source":"MUTIARA MURNI","target":"KEMENTERIAN PENGAJIAN TINGGI 0.77%","value":"29892"},
{"source":"MUTIARA MURNI","target":"KEMENTERIAN PENGAJIAN TINGGI 0.77%","value":"29550"},
{"source":"MUTIARA MURNI","target":"KEMENTERIAN PENGAJIAN TINGGI 0.77%","value":"15500"},
{"source":"MUTIARA MURNI","target":"KEMENTERIAN PENGAJIAN TINGGI 0.77%","value":"5202"},
{"source":"MUTIARA MURNI","target":"KEMENTERIAN PENGAJIAN TINGGI 0.77%","value":"5202"},
{"source":"MUTIARA MURNI","target":"KEMENTERIAN PENGAJIAN TINGGI 0.77%","value":"5040"},
{"source":"MUTIARA MURNI","target":"KEMENTERIAN PENGAJIAN TINGGI 0.77%","value":"5040"},
{"source":"MUTIARA MURNI","target":"KEMENTERIAN PENGAJIAN TINGGI 0.77%","value":"5002"},
{"source":"MUTIARA MURNI","target":"KEMENTERIAN PENGAJIAN TINGGI 0.77%","value":"5002"},
{"source":"MUTIARA MURNI","target":"KEMENTERIAN PENGAJIAN TINGGI 0.77%","value":"2501"},
{"source":"MUTIARA MURNI","target":"KEMENTERIAN PENGAJIAN TINGGI 0.77%","value":"2501"},
{"source":"MUTIARA MURNI","target":"KEMENTERIAN KESIHATAN 22.29%","value":"734895"},
{"source":"NIAZ ENTERPRISES","target":"KEMENTERIAN PERTANIAN DAN INDUSTRI ASAS TANI 4.38%","value":"146145000"},
{"source":"PANZANA ENTERPRISE","target":"KEMENTERIAN PERTAHANAN 8.71%","value":"163000000"},
{"source":"PEREMEGA","target":"KEMENTERIAN KEMAJUAN LUAR BANDAR DAN WILAYAH 12.73%","value":"135896535"},
{"source":"REMT UTAMA","target":"KEMENTERIAN KEMAJUAN LUAR BANDAR DAN WILAYAH 12.73%","value":"111000000"},
{"source":"REMT UTAMA","target":"KEMENTERIAN PERTAHANAN 8.71%","value":"40768426"},
{"source":"SUNISSA","target":"KEMENTERIAN KERJA RAYA 11.42%","value":"157338838"},
{"source":"TELEKOM MALAYSIA","target":"KEMENTERIAN KEWANGAN 5.07%","value":"14500000"},
{"source":"TELEKOM MALAYSIA","target":"KEMENTERIAN PENGAJIAN TINGGI 0.77%","value":"10234581"},
{"source":"TELEKOM MALAYSIA","target":"KEMENTERIAN KEWANGAN 5.07%","value":"2961468"},
{"source":"TELEKOM MALAYSIA","target":"JABATAN PERDANA MENTERI 13.94%","value":"994258"},
{"source":"TELEKOM MALAYSIA","target":"KEMENTERIAN PENGAJIAN TINGGI 0.77%","value":"990000"},
{"source":"TELEKOM MALAYSIA","target":"KEMENTERIAN PENGAJIAN TINGGI 0.77%","value":"18653135"},
{"source":"TELEKOM MALAYSIA","target":"KEMENTERIAN KESIHATAN 22.29%","value":"35018212"},
{"source":"TELEKOM MALAYSIA","target":"JABATAN PERDANA MENTERI 13.94%","value":"4207102"},
{"source":"TELEKOM MALAYSIA","target":"KEMENTERIAN KESEJAHTERAAN BANDAR, PERUMAHAN DAN KERAJAAN TEMPATAN 3.29%","value":"2528462"},
{"source":"TELEKOM MALAYSIA","target":"KEMENTERIAN KOMUNIKASI DAN MULTIMEDIA 0.53%","value":"2196427"},
{"source":"TELEKOM MALAYSIA","target":"JABATAN PERDANA MENTERI 13.94%","value":"30184797"},
{"source":"TELEKOM MALAYSIA","target":"JABATAN PERDANA MENTERI 13.94%","value":"9599273"},
{"source":"TELEKOM MALAYSIA","target":"KEMENTERIAN PENGAJIAN TINGGI 0.77%","value":"2954021"},
{"source":"TELEKOM MALAYSIA","target":"KEMENTERIAN KEMAJUAN LUAR BANDAR DAN WILAYAH 12.73%","value":"2527309"},
{"source":"TELEKOM MALAYSIA","target":"JABATAN PERDANA MENTERI 13.94%","value":"2198900"},
{"source":"TELEKOM MALAYSIA","target":"JABATAN PERDANA MENTERI 13.94%","value":"1586799"},
{"source":"TELEKOM MALAYSIA","target":"KEMENTERIAN DALAM NEGERI 6.29%","value":"1417950"},
{"source":"TELEKOM MALAYSIA","target":"JABATAN PERDANA MENTERI 13.94%","value":"1128600"},
{"source":"TELEKOM MALAYSIA","target":"KEMENTERIAN PERTAHANAN 8.71%","value":"504816"},
{"source":"TELEKOM MALAYSIA","target":"KEMENTERIAN DALAM NEGERI 6.29%","value":"141329"},
{"source":"TREE MED","target":"KEMENTERIAN KESIHATAN 22.29%","value":"42912000"},
{"source":"TREE MED","target":"KEMENTERIAN KESIHATAN 22.29%","value":"31114264"},
{"source":"TREE MED","target":"KEMENTERIAN KESIHATAN 22.29%","value":"26400000"},
{"source":"TREE MED","target":"KEMENTERIAN KESIHATAN 22.29%","value":"26400000"},
{"source":"TREE MED","target":"KEMENTERIAN KESIHATAN 22.29%","value":"17046000"},
{"source":"TREE MED","target":"KEMENTERIAN PENGAJIAN TINGGI 0.77%","value":"3480000"},
{"source":"TREE MED","target":"KEMENTERIAN KESIHATAN 22.29%","value":"2464072"},
{"source":"TREE MED","target":"KEMENTERIAN KESIHATAN 22.29%","value":"1498000"},
{"source":"CAKNA ENTERPRISE","target":"KEMENTERIAN KERJA RAYA 11.42%","value":"95955556"},
{"source":"EGA ELEKTRIKAL   ( JOINT VENTURE ANTARA ESAJADI  & GUMI ELEKTIKAL","target":"KEMENTERIAN PENDIDIKAN 3.95%","value":"99999995"},
{"source":"EMPAYAR SETIA","target":"KEMENTERIAN KEMAJUAN LUAR BANDAR DAN WILAYAH 12.73%","value":"114090311"},
{"source":"PEMBINAAN MITRAJAYA","target":"JABATAN PERDANA MENTERI 13.94%","value":"61347611"},
{"source":"PEMBINAAN MITRAJAYA","target":"JABATAN PERDANA MENTERI 13.94%","value":"21889531"},
{"source":"PEMBINAAN MITRAJAYA","target":"JABATAN PERDANA MENTERI 13.94%","value":"13505000"},
{"source":"PEMBINAAN MITRAJAYA","target":"JABATAN PERDANA MENTERI 13.94%","value":"11732679"},
{"source":"PERKASA SUTERA","target":"KEMENTERIAN TENAGA, TEKNOLOGI HIJAU DAN AIR 4.43%","value":"97000000"},
{"source":"PUNCAK TEKNOLOGI","target":"JABATAN PERDANA MENTERI 13.94%","value":"76500000"},
{"source":"PUNCAK TEKNOLOGI","target":"JABATAN PERDANA MENTERI 13.94%","value":"15000000"},
{"source":"PUNCAK TEKNOLOGI","target":"KEMENTERIAN PENGANGKUTAN 0.35%","value":"9468000"},
{"source":"PUNCAK TEKNOLOGI","target":"KEMENTERIAN PENGANGKUTAN 0.35%","value":"4195000"},
{"source":"PUNCAK TEKNOLOGI","target":"KEMENTERIAN PENGANGKUTAN 0.35%","value":"2795760"},
{"source":"RUMAKAYA","target":"KEMENTERIAN KEMAJUAN LUAR BANDAR DAN WILAYAH 12.73%","value":"54210337"},
{"source":"RUMAKAYA","target":"KEMENTERIAN KEMAJUAN LUAR BANDAR DAN WILAYAH 12.73%","value":"41736810"},
{"source":"WBS CONSTRUCTION","target":"KEMENTERIAN KEMAJUAN LUAR BANDAR DAN WILAYAH 12.73%","value":"93003861"},
{"source":"AMP CORPORATION","target":"JABATAN PERDANA MENTERI 13.94%","value":"29985000"},
{"source":"AMP CORPORATION","target":"JABATAN PERDANA MENTERI 13.94%","value":"28450000"},
{"source":"AMP CORPORATION","target":"KEMENTERIAN PENGANGKUTAN 0.35%","value":"9392915"},
{"source":"AMP CORPORATION","target":"KEMENTERIAN PENGANGKUTAN 0.35%","value":"6799716"},
{"source":"AMP CORPORATION","target":"KEMENTERIAN PENGANGKUTAN 0.35%","value":"6660000"},
{"source":"AMP CORPORATION","target":"JABATAN PERDANA MENTERI 13.94%","value":"2490000"},
{"source":"ASIA BARU CONSTRUCTION","target":"KEMENTERIAN TENAGA, TEKNOLOGI HIJAU DAN AIR 4.43%","value":"84702000"},
{"source":"JAWAT JOHAN","target":"KEMENTERIAN KEMAJUAN LUAR BANDAR DAN WILAYAH 12.73%","value":"64450654"},
{"source":"KENCANA HL-LEIGHTON JV","target":"KEMENTERIAN TENAGA, TEKNOLOGI HIJAU DAN AIR 4.43%","value":"91909932"},
{"source":"LEADCOM","target":"KEMENTERIAN KOMUNIKASI DAN MULTIMEDIA 0.53%","value":"62730189"},
{"source":"LEADCOM","target":"KEMENTERIAN PENDIDIKAN 3.95%","value":"10600156"},
{"source":"LEADCOM","target":"KEMENTERIAN PENDIDIKAN 3.95%","value":"7939868"},
{"source":"MENTA CONSTRUCTION","target":"JABATAN PERDANA MENTERI 13.94%","value":"54352112"},
{"source":"MENTA CONSTRUCTION","target":"JABATAN PERDANA MENTERI 13.94%","value":"37284604"},
{"source":"MZS POWER EQUIPMENT","target":"KEMENTERIAN PENDIDIKAN 3.95%","value":"81405700"},
{"source":"MZS POWER EQUIPMENT","target":"KEMENTERIAN PENDIDIKAN 3.95%","value":"8140570"},
{"source":"JAWAT JOHAN","target":"KEMENTERIAN KERJA RAYA 11.42%","value":"28500000"},
{"source":"TAMASETIA RESOURCES","target":"KEMENTERIAN KESIHATAN 22.29%","value":"18640055"},
{"source":"TAMASETIA RESOURCES","target":"KEMENTERIAN KESIHATAN 22.29%","value":"13373811"},
{"source":"TAMASETIA RESOURCES","target":"KEMENTERIAN KESIHATAN 22.29%","value":"10422573"},
{"source":"TAMASETIA RESOURCES","target":"KEMENTERIAN KESIHATAN 22.29%","value":"9361863"},
{"source":"TAMASETIA RESOURCES","target":"KEMENTERIAN KESIHATAN 22.29%","value":"5584500"},
{"source":"TAMASETIA RESOURCES","target":"KEMENTERIAN KESIHATAN 22.29%","value":"4662185"},
{"source":"TAMASETIA RESOURCES","target":"KEMENTERIAN KESIHATAN 22.29%","value":"4513384"},
{"source":"TAMASETIA RESOURCES","target":"KEMENTERIAN KESIHATAN 22.29%","value":"3844431"},
{"source":"TAMASETIA RESOURCES","target":"KEMENTERIAN KESIHATAN 22.29%","value":"3844431"},
{"source":"TAMASETIA RESOURCES","target":"KEMENTERIAN KESIHATAN 22.29%","value":"3735455"},
{"source":"TAMASETIA RESOURCES","target":"KEMENTERIAN KESIHATAN 22.29%","value":"3389098"},
{"source":"TAMASETIA RESOURCES","target":"KEMENTERIAN KESIHATAN 22.29%","value":"2044861"},
{"source":"TAMASETIA RESOURCES","target":"KEMENTERIAN KESIHATAN 22.29%","value":"1845940"},
{"source":"TAMASETIA RESOURCES","target":"KEMENTERIAN KESIHATAN 22.29%","value":"1372439"},
{"source":"TAMASETIA RESOURCES","target":"KEMENTERIAN KESIHATAN 22.29%","value":"1201923"},
{"source":"TAMASETIA RESOURCES","target":"KEMENTERIAN KESIHATAN 22.29%","value":"1162287"},
{"source":"TAMASETIA RESOURCES","target":"KEMENTERIAN KESIHATAN 22.29%","value":"1054480"},
{"source":"TAMASETIA RESOURCES","target":"KEMENTERIAN PENGAJIAN TINGGI 0.77%","value":"230000"},
{"source":"TAMASETIA RESOURCES","target":"KEMENTERIAN PENGAJIAN TINGGI 0.77%","value":"114000"},
{"source":"TAMASETIA RESOURCES","target":"KEMENTERIAN PENGAJIAN TINGGI 0.77%","value":"111000"},
{"source":"TAMASETIA RESOURCES","target":"KEMENTERIAN PENGAJIAN TINGGI 0.77%","value":"85400"},
{"source":"TAMASETIA RESOURCES","target":"KEMENTERIAN PENGAJIAN TINGGI 0.77%","value":"84722"},
{"source":"TAMASETIA RESOURCES","target":"KEMENTERIAN PENGAJIAN TINGGI 0.77%","value":"82500"},
{"source":"TAMASETIA RESOURCES","target":"KEMENTERIAN PENGAJIAN TINGGI 0.77%","value":"69325"},
{"source":"TAMASETIA RESOURCES","target":"KEMENTERIAN PENGAJIAN TINGGI 0.77%","value":"60900"},
{"source":"TAMASETIA RESOURCES","target":"KEMENTERIAN PENGAJIAN TINGGI 0.77%","value":"49680"},
{"source":"TAMASETIA RESOURCES","target":"KEMENTERIAN PENGAJIAN TINGGI 0.77%","value":"47488"},
{"source":"TAMASETIA RESOURCES","target":"KEMENTERIAN PENGAJIAN TINGGI 0.77%","value":"43200"},
{"source":"TAMASETIA RESOURCES","target":"KEMENTERIAN PENGAJIAN TINGGI 0.77%","value":"42546"},
{"source":"TAMASETIA RESOURCES","target":"KEMENTERIAN PENGAJIAN TINGGI 0.77%","value":"14120"},
{"source":"A) ROYCE PHARMA                    B) FIDIN UNIVERSAL","target":"KEMENTERIAN KESIHATAN 22.29%","value":"70875000"},
{"source":"BADANBAS","target":"KEMENTERIAN WILAYAH PERSEKUTUAN 1.37%","value":"72704320"},
{"source":"HAKIKAT ENGINEERING","target":"KEMENTERIAN KERJA RAYA 11.42%","value":"44275997"},
{"source":"HAKIKAT ENGINEERING","target":"JABATAN PERDANA MENTERI 13.94%","value":"27468697"},
{"source":"HAKIKAT ENGINEERING","target":"JABATAN PERDANA MENTERI 13.94%","value":"7775427"},
{"source":"KEJURUTERAAN KARISMA UNGGUL (S)","target":"KEMENTERIAN KEMAJUAN LUAR BANDAR DAN WILAYAH 12.73%","value":"69625365"},
{"source":"KIWITECH","target":"KEMENTERIAN KESEJAHTERAAN BANDAR, PERUMAHAN DAN KERAJAAN TEMPATAN 3.29%","value":"79268800"},
{"source":"LIGHT SPEED ELECTRICAL","target":"KEMENTERIAN KEMAJUAN LUAR BANDAR DAN WILAYAH 12.73%","value":"69475228"},
{"source":"MEGA COSMIC","target":"KEMENTERIAN KEMAJUAN LUAR BANDAR DAN WILAYAH 12.73%","value":"70651000"},
{"source":"N.A.Z MEDICAL SUPPLIERS","target":"KEMENTERIAN KESIHATAN 22.29%","value":"75210734"},
{"source":"N.A.Z MEDICAL SUPPLIERS","target":"KEMENTERIAN PERTAHANAN 8.71%","value":"5491204"},
{"source":"ALAM LANGKAWI","target":"KEMENTERIAN KERJA RAYA 11.42%","value":"58997186"},
{"source":"CHE SOM CONTRACTOR","target":"KEMENTERIAN KEMAJUAN LUAR BANDAR DAN WILAYAH 12.73%","value":"63088598"},
{"source":"JAVEL ENGINEERING","target":"KEMENTERIAN PENDIDIKAN 3.95%","value":"63000000"},
{"source":"MAXVEC","target":"KEMENTERIAN PERTAHANAN 8.71%","value":"31900000"},
{"source":"MAXVEC","target":"KEMENTERIAN PERTAHANAN 8.71%","value":"31900000"},
{"source":"MAXVEC","target":"KEMENTERIAN PERTAHANAN 8.71%","value":"1000000"},
{"source":"MAXVEC","target":"KEMENTERIAN PERTAHANAN 8.71%","value":"775906"},
{"source":"MAXVEC","target":"KEMENTERIAN PERTAHANAN 8.71%","value":"775905"},
{"source":"MESINIAGA","target":"KEMENTERIAN KEWANGAN 5.07%","value":"12692222"},
{"source":"MESINIAGA","target":"JABATAN PERDANA MENTERI 13.94%","value":"3288880"},
{"source":"MESINIAGA","target":"KEMENTERIAN SAINS, TEKNOLOGI DAN INOVASI 0.03%","value":"1048061"},
{"source":"MESINIAGA","target":"KEMENTERIAN PENGAJIAN TINGGI 0.77%","value":"700000"},
{"source":"MESINIAGA","target":"KEMENTERIAN KERJA RAYA 11.42%","value":"541203"},
{"source":"MESINIAGA","target":"JABATAN PERDANA MENTERI 13.94%","value":"4288888"},
{"source":"MESINIAGA","target":"KEMENTERIAN TENAGA, TEKNOLOGI HIJAU DAN AIR 4.43%","value":"2282282"},
{"source":"MESINIAGA","target":"KEMENTERIAN DALAM NEGERI 6.29%","value":"1563065"},
{"source":"MESINIAGA","target":"KEMENTERIAN DALAM NEGERI 6.29%","value":"9327444"},
{"source":"MESINIAGA","target":"JABATAN PERDANA MENTERI 13.94%","value":"7593520"},
{"source":"MESINIAGA","target":"KEMENTERIAN DALAM NEGERI 6.29%","value":"6490980"},
{"source":"MESINIAGA","target":"KEMENTERIAN DALAM NEGERI 6.29%","value":"5473000"},
{"source":"MESINIAGA","target":"KEMENTERIAN KEWANGAN 5.07%","value":"4288888"},
{"source":"MESINIAGA","target":"JABATAN PERDANA MENTERI 13.94%","value":"1902258"},
{"source":"POINTGATE SYSTEMS","target":"JABATAN PERDANA MENTERI 13.94%","value":"28997074"},
{"source":"POINTGATE SYSTEMS","target":"KEMENTERIAN PERTAHANAN 8.71%","value":"2838347"},
{"source":"POINTGATE SYSTEMS","target":"JABATAN PERDANA MENTERI 13.94%","value":"28997074"},
{"source":"SAMA SAMA MAJU","target":"KEMENTERIAN KEMAJUAN LUAR BANDAR DAN WILAYAH 12.73%","value":"33500000"},
{"source":"SAMA SAMA MAJU","target":"KEMENTERIAN KEMAJUAN LUAR BANDAR DAN WILAYAH 12.73%","value":"26640000"},
{"source":"SYSTEMATIC AVIATION SERVICES","target":"KEMENTERIAN PERTAHANAN 8.71%","value":"1129517"},
{"source":"SYSTEMATIC AVIATION SERVICES","target":"JABATAN PERDANA MENTERI 13.94%","value":"14972538"},
{"source":"SYSTEMATIC AVIATION SERVICES","target":"JABATAN PERDANA MENTERI 13.94%","value":"44802000"},
{"source":"SYSTEMATIC AVIATION SERVICES","target":"KEMENTERIAN PENGANGKUTAN 0.35%","value":"3492000"},
{"source":"ANFORT CORPORATION","target":"JABATAN PERDANA MENTERI 13.94%","value":"40294800"},
{"source":"ANFORT CORPORATION","target":"JABATAN PERDANA MENTERI 13.94%","value":"12869460"},
{"source":"ANFORT CORPORATION","target":"KEMENTERIAN DALAM NEGERI 6.29%","value":"2000000"},
{"source":"ANFORT CORPORATION","target":"KEMENTERIAN DALAM NEGERI 6.29%","value":"1931400"},
{"source":"ANFORT CORPORATION","target":"KEMENTERIAN DALAM NEGERI 6.29%","value":"716688"},
{"source":"ANFORT CORPORATION","target":"KEMENTERIAN DALAM NEGERI 6.29%","value":"472500"},
{"source":"ENCORAL DIGITAL SOLUTIONS","target":"KEMENTERIAN PEMBANGUNAN WANITA, KELUARGA DAN MASYARAKAT 0.04%","value":"2940000"},
{"source":"ENCORAL DIGITAL SOLUTIONS","target":"KEMENTERIAN PERDAGANGAN ANTARABANGSA DAN INDUSTRI 0.01%","value":"1577429"},
{"source":"ENCORAL DIGITAL SOLUTIONS","target":"JABATAN PERDANA MENTERI 13.94%","value":"3420571"},
{"source":"ENCORAL DIGITAL SOLUTIONS","target":"KEMENTERIAN KESIHATAN 22.29%","value":"21177685"},
{"source":"ENCORAL DIGITAL SOLUTIONS","target":"KEMENTERIAN KESIHATAN 22.29%","value":"20668974"},
{"source":"ENCORAL DIGITAL SOLUTIONS","target":"KEMENTERIAN DALAM NEGERI 6.29%","value":"1848468"},
{"source":"ENCORAL DIGITAL SOLUTIONS","target":"KEMENTERIAN DALAM NEGERI 6.29%","value":"1542000"},
{"source":"ENCORAL DIGITAL SOLUTIONS","target":"KEMENTERIAN SAINS, TEKNOLOGI DAN INOVASI 0.03%","value":"1028444"},
{"source":"ENCORAL DIGITAL SOLUTIONS","target":"KEMENTERIAN KESIHATAN 22.29%","value":"994530"},
{"source":"GELIGA SISTEM","target":"KEMENTERIAN KESIHATAN 22.29%","value":"13263993"},
{"source":"GELIGA SISTEM","target":"KEMENTERIAN KESIHATAN 22.29%","value":"13263993"},
{"source":"GELIGA SISTEM","target":"KEMENTERIAN KESIHATAN 22.29%","value":"7030777"},
{"source":"GELIGA SISTEM","target":"KEMENTERIAN KESIHATAN 22.29%","value":"3404115"},
{"source":"GELIGA SISTEM","target":"KEMENTERIAN KESIHATAN 22.29%","value":"2995000"},
{"source":"GELIGA SISTEM","target":"KEMENTERIAN KESIHATAN 22.29%","value":"2748000"},
{"source":"GELIGA SISTEM","target":"KEMENTERIAN KESIHATAN 22.29%","value":"1447250"},
{"source":"GELIGA SISTEM","target":"KEMENTERIAN KESIHATAN 22.29%","value":"1345000"},
{"source":"GELIGA SISTEM","target":"KEMENTERIAN KESIHATAN 22.29%","value":"983052"},
{"source":"GELIGA SISTEM","target":"KEMENTERIAN KESIHATAN 22.29%","value":"748215"},
{"source":"GELIGA SISTEM","target":"KEMENTERIAN KESIHATAN 22.29%","value":"748215"},
{"source":"GELIGA SISTEM","target":"KEMENTERIAN PENGAJIAN TINGGI 0.77%","value":"699500"},
{"source":"GELIGA SISTEM","target":"KEMENTERIAN KESIHATAN 22.29%","value":"638120"},
{"source":"GELIGA SISTEM","target":"KEMENTERIAN KESIHATAN 22.29%","value":"638120"},
{"source":"GELIGA SISTEM","target":"KEMENTERIAN PENGAJIAN TINGGI 0.77%","value":"70560"},
{"source":"GELIGA SISTEM","target":"KEMENTERIAN PENGAJIAN TINGGI 0.77%","value":"70560"},
{"source":"GELIGA SISTEM","target":"KEMENTERIAN PENGAJIAN TINGGI 0.77%","value":"48690"},
{"source":"GELIGA SISTEM","target":"KEMENTERIAN PENGAJIAN TINGGI 0.77%","value":"43280"},
{"source":"GELIGA SISTEM","target":"KEMENTERIAN PENGAJIAN TINGGI 0.77%","value":"43280"},
{"source":"GELIGA SISTEM","target":"KEMENTERIAN PENGAJIAN TINGGI 0.77%","value":"28917"},
{"source":"GELIGA SISTEM","target":"KEMENTERIAN PENGAJIAN TINGGI 0.77%","value":"28917"},
{"source":"GELIGA SISTEM","target":"KEMENTERIAN PENGAJIAN TINGGI 0.77%","value":"10329"},
{"source":"GELIGA SISTEM","target":"KEMENTERIAN PENGAJIAN TINGGI 0.77%","value":"10329"},
{"source":"GELIGA SISTEM","target":"KEMENTERIAN PENGAJIAN TINGGI 0.77%","value":"3443"},
{"source":"GELIGA SISTEM","target":"KEMENTERIAN PENGAJIAN TINGGI 0.77%","value":"1297800"},
{"source":"GELIGA SISTEM","target":"KEMENTERIAN PENGAJIAN TINGGI 0.77%","value":"1297800"},
{"source":"GELIGA SISTEM","target":"KEMENTERIAN PENGAJIAN TINGGI 0.77%","value":"1888000"},
{"source":"GELIGA SISTEM","target":"KEMENTERIAN PENGAJIAN TINGGI 0.77%","value":"597000"},
{"source":"HASCITA","target":"KEMENTERIAN PERTAHANAN 8.71%","value":"56363897"},
{"source":"KUMPULAN KILANG SAWIT RISDA","target":"KEMENTERIAN KEMAJUAN LUAR BANDAR DAN WILAYAH 12.73%","value":"47449800"},
{"source":"KUMPULAN KILANG SAWIT RISDA","target":"KEMENTERIAN KEMAJUAN LUAR BANDAR DAN WILAYAH 12.73%","value":"9871500"},
{"source":"MAJUTERA","target":"KEMENTERIAN KERJA RAYA 11.42%","value":"26435440"},
{"source":"MAJUTERA","target":"KEMENTERIAN KERJA RAYA 11.42%","value":"9671201"},
{"source":"MAJUTERA","target":"KEMENTERIAN PENDIDIKAN 3.95%","value":"22089825"},
{"source":"UNI-WAY","target":"KEMENTERIAN KEMAJUAN LUAR BANDAR DAN WILAYAH 12.73%","value":"39500000"},
{"source":"UNI-WAY","target":"KEMENTERIAN PENDIDIKAN 3.95%","value":"18813870"},
{"source":"UZAIMIN ENTERPRISE (ALOR SETAR)","target":"KEMENTERIAN KERJA RAYA 11.42%","value":"56035993"},
{"source":"DUTA ALAM CONSTRUCTION","target":"KEMENTERIAN KERJA RAYA 11.42%","value":"26085534"},
{"source":"DUTA ALAM CONSTRUCTION","target":"KEMENTERIAN KERJA RAYA 11.42%","value":"26085534"},
{"source":"FAJAR DAYAMAS","target":"KEMENTERIAN KEMAJUAN LUAR BANDAR DAN WILAYAH 12.73%","value":"53718808"},
{"source":"GLOBAL KOMITED","target":"KEMENTERIAN KESEJAHTERAAN BANDAR, PERUMAHAN DAN KERAJAAN TEMPATAN 3.29%","value":"19600000"},
{"source":"GLOBAL KOMITED","target":"KEMENTERIAN KESEJAHTERAAN BANDAR, PERUMAHAN DAN KERAJAAN TEMPATAN 3.29%","value":"19600000"},
{"source":"GLOBAL KOMITED","target":"KEMENTERIAN KESEJAHTERAAN BANDAR, PERUMAHAN DAN KERAJAAN TEMPATAN 3.29%","value":"4700000"},
{"source":"GLOBAL KOMITED","target":"KEMENTERIAN DALAM NEGERI 6.29%","value":"2250000"},
{"source":"GLOBAL KOMITED","target":"KEMENTERIAN KESIHATAN 22.29%","value":"1950000"},
{"source":"GLOBAL KOMITED","target":"KEMENTERIAN KESIHATAN 22.29%","value":"1950000"},
{"source":"GLOBAL KOMITED","target":"KEMENTERIAN KESIHATAN 22.29%","value":"1300000"},
{"source":"GLOBAL KOMITED","target":"KEMENTERIAN KESIHATAN 22.29%","value":"650000"},
{"source":"GLOBAL KOMITED","target":"KEMENTERIAN KESIHATAN 22.29%","value":"650000"},
{"source":"LAZCORP HOLDINGS","target":"KEMENTERIAN KESIHATAN 22.29%","value":"16254500"},
{"source":"LAZCORP HOLDINGS","target":"KEMENTERIAN KESIHATAN 22.29%","value":"12840000"},
{"source":"LAZCORP HOLDINGS","target":"KEMENTERIAN KESIHATAN 22.29%","value":"7832000"},
{"source":"LAZCORP HOLDINGS","target":"KEMENTERIAN KESIHATAN 22.29%","value":"3700000"},
{"source":"LAZCORP HOLDINGS","target":"KEMENTERIAN KESIHATAN 22.29%","value":"3690750"},
{"source":"LAZCORP HOLDINGS","target":"KEMENTERIAN KESIHATAN 22.29%","value":"3300000"},
{"source":"LAZCORP HOLDINGS","target":"KEMENTERIAN KESIHATAN 22.29%","value":"3244178"},
{"source":"LAZCORP HOLDINGS","target":"KEMENTERIAN KESIHATAN 22.29%","value":"1428350"},
{"source":"LAZCORP HOLDINGS","target":"KEMENTERIAN SAINS, TEKNOLOGI DAN INOVASI 0.03%","value":"1138800"},
{"source":"LAZCORP HOLDINGS","target":"KEMENTERIAN KESIHATAN 22.29%","value":"384175"},
{"source":"LAZCORP HOLDINGS","target":"KEMENTERIAN KESIHATAN 22.29%","value":"111650"},
{"source":"MARIMAS","target":"KEMENTERIAN KERJA RAYA 11.42%","value":"51893878"},
{"source":"NWK BUILDERS","target":"KEMENTERIAN KERJA RAYA 11.42%","value":"51660430"},
{"source":"ISMAIL IBRAHIM","target":"JABATAN PERDANA MENTERI 13.94%","value":"20431701"},
{"source":"ISMAIL IBRAHIM","target":"JABATAN PERDANA MENTERI 13.94%","value":"16653000"},
{"source":"ISMAIL IBRAHIM","target":"JABATAN PERDANA MENTERI 13.94%","value":"16350888"},
{"source":"TEKAD WARISAN","target":"KEMENTERIAN WILAYAH PERSEKUTUAN 1.37%","value":"27050000"},
{"source":"TEKAD WARISAN","target":"KEMENTERIAN WILAYAH PERSEKUTUAN 1.37%","value":"27050000"},
{"source":"AVP ENGINEERING","target":"KEMENTERIAN KESEJAHTERAAN BANDAR, PERUMAHAN DAN KERAJAAN TEMPATAN 3.29%","value":"16979893"},
{"source":"AVP ENGINEERING","target":"KEMENTERIAN KESEJAHTERAAN BANDAR, PERUMAHAN DAN KERAJAAN TEMPATAN 3.29%","value":"16979893"},
{"source":"AVP ENGINEERING","target":"KEMENTERIAN KESEJAHTERAAN BANDAR, PERUMAHAN DAN KERAJAAN TEMPATAN 3.29%","value":"7950000"},
{"source":"AVP ENGINEERING","target":"KEMENTERIAN KESEJAHTERAAN BANDAR, PERUMAHAN DAN KERAJAAN TEMPATAN 3.29%","value":"7950000"},
{"source":"GEO-PROGRESSIVE","target":"KEMENTERIAN PERTAHANAN 8.71%","value":"50000000"},
{"source":"I-ILHAM CORPORATION","target":"KEMENTERIAN KEMAJUAN LUAR BANDAR DAN WILAYAH 12.73%","value":"49327589"},
{"source":"MAZLEE CORPORATION","target":"KEMENTERIAN PENDIDIKAN 3.95%","value":"28599000"},
{"source":"MAZLEE CORPORATION","target":"KEMENTERIAN KEMAJUAN LUAR BANDAR DAN WILAYAH 12.73%","value":"21500000"},
{"source":"MEWAH KOTA","target":"JABATAN PERDANA MENTERI 13.94%","value":"38108888"},
{"source":"MEWAH KOTA","target":"JABATAN PERDANA MENTERI 13.94%","value":"11258617"},
{"source":"MEXAJATI","target":"KEMENTERIAN PENGAJIAN TINGGI 0.77%","value":"5674899"},
{"source":"MEXAJATI","target":"KEMENTERIAN PENDIDIKAN 3.95%","value":"44250021"},
{"source":"PERCETAKAN KESELAMATAN NASIONAL","target":"KEMENTERIAN DALAM NEGERI 6.29%","value":"49998900"},
{"source":"PINTAR USAHA","target":"KEMENTERIAN PERTAHANAN 8.71%","value":"10320814"},
{"source":"PINTAR USAHA","target":"KEMENTERIAN PERTAHANAN 8.71%","value":"10320814"},
{"source":"PINTAR USAHA","target":"KEMENTERIAN PERTAHANAN 8.71%","value":"10003359"},
{"source":"PINTAR USAHA","target":"KEMENTERIAN PERTAHANAN 8.71%","value":"10003359"},
{"source":"PINTAR USAHA","target":"KEMENTERIAN PERTAHANAN 8.71%","value":"9372716"},
{"source":"ALAM JITU BINA","target":"KEMENTERIAN KESEJAHTERAAN BANDAR, PERUMAHAN DAN KERAJAAN TEMPATAN 3.29%","value":"46760546"},
{"source":"ALMATAB","target":"KEMENTERIAN KERJA RAYA 11.42%","value":"46859551"},
{"source":"ARAH JITU","target":"KEMENTERIAN PERTAHANAN 8.71%","value":"45800000"},
{"source":"EMAS RAMAI","target":"KEMENTERIAN KEMAJUAN LUAR BANDAR DAN WILAYAH 12.73%","value":"46479947"},
{"source":"ERA FROZEN FOOD","target":"KEMENTERIAN PERTAHANAN 8.71%","value":"23289240"},
{"source":"ERA FROZEN FOOD","target":"KEMENTERIAN PERTAHANAN 8.71%","value":"16346769"},
{"source":"ERA FROZEN FOOD","target":"KEMENTERIAN PENDIDIKAN 3.95%","value":"3300000"},
{"source":"ILIASCO CORPORATION","target":"KEMENTERIAN PENDIDIKAN 3.95%","value":"49173573"},
{"source":"MVA ENGINEERING","target":"KEMENTERIAN KEMAJUAN LUAR BANDAR DAN WILAYAH 12.73%","value":"47620191"},
{"source":"SPA INTEGRATED","target":"KEMENTERIAN BELIA DAN SUKAN 0.40%","value":"49315676"},
{"source":"ERA FROZEN FOOD","target":"KEMENTERIAN PERTAHANAN 8.71%","value":"3715905"},
{"source":"ERA FROZEN FOOD","target":"KEMENTERIAN PERTAHANAN 8.71%","value":"423901"},
{"source":"ARTIMAL DE SYSTEM","target":"KEMENTERIAN PERTAHANAN 8.71%","value":"15000000"},
{"source":"ARTIMAL DE SYSTEM","target":"KEMENTERIAN PERTAHANAN 8.71%","value":"6000000"},
{"source":"ARTIMAL DE SYSTEM","target":"KEMENTERIAN PERTAHANAN 8.71%","value":"6000000"},
{"source":"ARTIMAL DE SYSTEM","target":"KEMENTERIAN PERTAHANAN 8.71%","value":"6000000"},
{"source":"ASTURI METAL BUILDERS","target":"JABATAN PERDANA MENTERI 13.94%","value":"31437019"},
{"source":"ASTURI METAL BUILDERS","target":"JABATAN PERDANA MENTERI 13.94%","value":"12150660"},
{"source":"BUMI HANDAL","target":"KEMENTERIAN KEMAJUAN LUAR BANDAR DAN WILAYAH 12.73%","value":"45212680"},
{"source":"JOHAN TEKNOLOGI MAKLUMAT","target":"KEMENTERIAN DALAM NEGERI 6.29%","value":"25392488"},
{"source":"JOHAN TEKNOLOGI MAKLUMAT","target":"KEMENTERIAN DALAM NEGERI 6.29%","value":"18216921"},
{"source":"PELANGI WIRA","target":"KEMENTERIAN PENDIDIKAN 3.95%","value":"44950000"},
{"source":"PRINSIP HASIL","target":"KEMENTERIAN KEMAJUAN LUAR BANDAR DAN WILAYAH 12.73%","value":"44753170"},
{"source":"RAJA CHULAN DAN RAKAN","target":"KEMENTERIAN DALAM NEGERI 6.29%","value":"15283500"},
{"source":"RAJA CHULAN DAN RAKAN","target":"KEMENTERIAN DALAM NEGERI 6.29%","value":"15283500"},
{"source":"ARTIMAL DE SYSTEM","target":"KEMENTERIAN PERTAHANAN 8.71%","value":"10000000"},
{"source":"RAJA CHULAN DAN RAKAN","target":"KEMENTERIAN PERTAHANAN 8.71%","value":"12796965"},
{"source":"TH TECHNOLOGIES","target":"KEMENTERIAN KERJA RAYA 11.42%","value":"44243606"},
{"source":"BINA JAYA MANTAP","target":"JABATAN PERDANA MENTERI 13.94%","value":"22676744"},
{"source":"BINA JAYA MANTAP","target":"KEMENTERIAN KERJA RAYA 11.42%","value":"19997838"},
{"source":"MATTS HOLDINGS","target":"KEMENTERIAN KESIHATAN 22.29%","value":"42559307"},
{"source":"PERLIS MARINE ENGINEERING","target":"JABATAN PERDANA MENTERI 13.94%","value":"42880000"},
{"source":"TERAS ERAMAJU","target":"KEMENTERIAN KEMAJUAN LUAR BANDAR DAN WILAYAH 12.73%","value":"42028491"}
] ,
"nodes": [
{"name":"KEMENTERIAN KESIHATAN 22.29%"},
{"name":"JABATAN PERDANA MENTERI 13.94%"},
{"name":"KEMENTERIAN KEMAJUAN LUAR BANDAR DAN WILAYAH 12.73%"},
{"name":"KEMENTERIAN KERJA RAYA 11.42%"},
{"name":"KEMENTERIAN PERTAHANAN 8.71%"},
{"name":"KEMENTERIAN DALAM NEGERI 6.29%"},
{"name":"KEMENTERIAN KEWANGAN 5.07%"},
{"name":"KEMENTERIAN TENAGA, TEKNOLOGI HIJAU DAN AIR 4.43%"},
{"name":"KEMENTERIAN PERTANIAN DAN INDUSTRI ASAS TANI 4.38%"},
{"name":"KEMENTERIAN PENDIDIKAN 3.95%"},
{"name":"KEMENTERIAN KESEJAHTERAAN BANDAR, PERUMAHAN DAN KERAJAAN TEMPATAN 3.29%"},
{"name":"KEMENTERIAN WILAYAH PERSEKUTUAN 1.37%"},
{"name":"KEMENTERIAN PENGAJIAN TINGGI 0.77%"},
{"name":"KEMENTERIAN KOMUNIKASI DAN MULTIMEDIA 0.53%"},
{"name":"KEMENTERIAN BELIA DAN SUKAN 0.40%"},
{"name":"KEMENTERIAN PENGANGKUTAN 0.35%"},
{"name":"KEMENTERIAN PEMBANGUNAN WANITA, KELUARGA DAN MASYARAKAT 0.04%"},
{"name":"KEMENTERIAN SAINS, TEKNOLOGI DAN INOVASI 0.03%"},
{"name":"KEMENTERIAN PERDAGANGAN ANTARABANGSA DAN INDUSTRI 0.01%"},
{"name":"A) ROYCE PHARMA B) FIDIN UNIVERSAL"},
{"name":"AHMAD ZAKI"},
{"name":"ALAM JITU BINA"},
{"name":"ALAM LANGKAWI"},
{"name":"ALMATAB"},
{"name":"AMP CORPORATION"},
{"name":"ANFORT CORPORATION"},
{"name":"ARAH JITU"},
{"name":"ARTIMAL DE SYSTEM"},
{"name":"ASIA BARU CONSTRUCTION"},
{"name":"ASTURI METAL BUILDERS"},
{"name":"AVP ENGINEERING"},
{"name":"BADANBAS"},
{"name":"BINA JAYA MANTAP"},
{"name":"BRILLIANCE INFORMATION"},
{"name":"BUMI HANDAL"},
{"name":"CAKNA ENTERPRISE"},
{"name":"CHE SOM CONTRACTOR"},
{"name":"DATASONIC TECHNOLOGIES"},
{"name":"DUTA ALAM CONSTRUCTION"},
{"name":"EGA ELEKTRIKAL (ESAJADI-GUMI ELEKTIKAL JV)"},
{"name":"EMAS RAMAI"},
{"name":"EMPAYAR SETIA"},
{"name":"ENCORAL DIGITAL SOLUTIONS"},
{"name":"ERA FROZEN FOOD"},
{"name":"FAJAR DAYAMAS"},
{"name":"GELIGA SISTEM"},
{"name":"GEO-PROGRESSIVE"},
{"name":"GLOBAL KOMITED"},
{"name":"GTC GLOBAL"},
{"name":"HAKIKAT ENGINEERING"},
{"name":"HASCITA"},
{"name":"HEITECH PADU"},
{"name":"I-ILHAM CORPORATION"},
{"name":"ILIASCO CORPORATION"},
{"name":"INAI KIARA - HWA CHI JV"},
{"name":"INNOVATION ASSOCIATES"},
{"name":"ISMAIL IBRAHIM"},
{"name":"JAVEL ENGINEERING"},
{"name":"JAWAT JOHAN"},
{"name":"JOHAN TEKNOLOGI MAKLUMAT"},
{"name":"KEJURUTERAAN KARISMA UNGGUL (S)"},
{"name":"KENCANA HL-LEIGHTON JV"},
{"name":"KIWITECH"},
{"name":"KUMPULAN KILANG SAWIT RISDA"},
{"name":"LAZCORP HOLDINGS"},
{"name":"LEADCOM"},
{"name":"LEADSHINE"},
{"name":"LIGHT SPEED ELECTRICAL"},
{"name":"LOH & LOH-GEORGE KENT-HAZAMA JV"},
{"name":"M S ALLY PHARMA"},
{"name":"MAJUTERA"},
{"name":"MARIMAS"},
{"name":"MATTS HOLDINGS"},
{"name":"MAXVEC"},
{"name":"MAZLEE CORPORATION"},
{"name":"MEGA COSMIC"},
{"name":"MENTA CONSTRUCTION"},
{"name":"MESINIAGA"},
{"name":"MEWAH KOTA"},
{"name":"MEXAJATI"},
{"name":"MUTIARA MURNI"},
{"name":"MVA ENGINEERING"},
{"name":"MZS POWER EQUIPMENT"},
{"name":"N.A.Z MEDICAL SUPPLIERS"},
{"name":"NIAZ ENTERPRISES"},
{"name":"NWK BUILDERS"},
{"name":"PANZANA ENTERPRISE"},
{"name":"PELANGI WIRA"},
{"name":"PEMBINAAN MITRAJAYA"},
{"name":"PERCETAKAN KESELAMATAN NASIONAL"},
{"name":"PEREMEGA"},
{"name":"PERKASA SUTERA"},
{"name":"PERLIS MARINE ENGINEERING"},
{"name":"PERTAMA PADI"},
{"name":"PHARMANIAGA LOGISTICS"},
{"name":"PINTAR USAHA"},
{"name":"POINTGATE SYSTEMS"},
{"name":"PRIMABUMI"},
{"name":"PRINSIP HASIL"},
{"name":"PUNCAK TEKNOLOGI"},
{"name":"QUALITY REPUTATION"},
{"name":"RAJA CHULAN DAN RAKAN"},
{"name":"REMT UTAMA"},
{"name":"RUMAKAYA"},
{"name":"SAMA SAMA MAJU"},
{"name":"SPA INTEGRATED"},
{"name":"SRI TINGGI"},
{"name":"SUNISSA"},
{"name":"SYSTEMATIC AVIATION SERVICES"},
{"name":"TAMASETIA RESOURCES"},
{"name":"TARGET RESOURCES"},
{"name":"TEKAD WARISAN"},
{"name":"TELEKOM MALAYSIA"},
{"name":"TERAS ERAMAJU"},
{"name":"TH TECHNOLOGIES"}
] }

